caseid,acronym,country,region,region_n,agent,inarea,mndt,hcons,inttype,inttype_n2,intcat,intcat_n,yearbeg,yearbeg_n,yearend,durays,duram,duram_n,person,person_n,fatal,status,status_n2,status_n,ch7,ch7_n,srcadis,srcadis_n,srctpi,srctpi_n,srcsipr_n,srcoth,bef1992,bef1991,bef1992a
1,UNTCOK / UNCURK,Korea,CSA,CSA,UN,.,"UNGA Res. 112 (II) (November 14, 1947); UNGA Res. 293 (IV) (October 21 1949)",,OBSR,OBSR,UNUN,UNUN,1947,1947,1950 June,2.6,31,31,,,0,UN-6,2,UN-6,0,0,1,1,1,1,0,,before 1992,Up until 1991,0
2,UNSCOB / UNPOC,Greece,EUR,EUR,UN,.,"UNGA Res. 109(II) (October 21, 1947), UNGA Res. 508 (VI) (December 7, 1951)",,OBSR,OBSR,UNUN,UNUN,1947,1947,1954 August,6.8,82,82,35,35,2,UN-6,2,UN-6,0,0,1,1,1,1,0,,before 1992,Up until 1991,0
3,UNCIP,India Pakistan,CSA,CSA,UN,.,"UNSC Res. 39 (S/654) (January 20, 1948)",1,OBSR,OBSR,UNUN,UNUN,1948,1948,1949 January,0.5,6,6,,,0,UN-6,2,UN-6,0,0,1,1,0,0,0,http://www.un.org/en/peacekeeping/operations/early.shtml,before 1992,Up until 1991,0
4,UNTSO,Israel Egypt Syria Lebanon Jordan,MENA,MENA,UN,.,"UNSC Res. 50 (S/801), (May 29,1948)",1,OBSR,OBSR,UNUN,UNUN,1948,1948,ongoing,.,.,,375,375,49,UN-6,2,UN-6,0,0,1,1,0,0,1,,before 1992,Up until 1991,0
5,UNMOGIP,India Pakistan,CSA,CSA,UN,.,"UNSC Res. 47 (S/726) (April 21, 1948)",1,OBSR,OBSR,UNUN,UNUN,1949,1949,ongoing,.,.,,113,113,11,UN-6,2,UN-6,0,0,1,1,0,0,1,,before 1992,Up until 1991,0
6,Korean War,Korea,CSA,CSA,UN,.,"UNSC Res. 83 (June 27, 1950)",1,KEEP,KEEP,UNUN,UNUN,1950,1950,1953 July,3.1,37,37,.,,100000,UN-7,3,UN-7,1,1,1,1,0,0,0,,before 1992,Up until 1991,0
7,UNEF I,Egypt Israel,MENA,MENA,UN,.,"UNGA Res. 1000 (EF-I) (November 5, 1956)",1,KEEP,KEEP,UNUN,UNUN,1956,1956,1967 June,10.6,127,127,5977,5977,110,UN-6,2,UN-6,0,0,1,1,0,0,0, (Franck 2004: 36),before 1992,Up until 1991,0
8,UNOGIL,Lebanon,MENA,MENA,UN,.,"UNSC Res. 128 (June 11, 1958)",1,OBSR,OBSR,UNUN,UNUN,1958,1958,1958 December,0.5,6,6,591,591,0,UN-6,2,UN-6,0,0,1,1,1,1,0,(Pogany 1987: 71),before 1992,Up until 1991,0
9,ONUC,Congo-Kinshasa/Zaire/DRC,SSA,SSA,UN,.,"UNSC Res. 145 (July 22, 1960); UNSC Res. 161 (February 21, 1961); UNSC Res. 169 (November 24, 1961)",,KEEP,KEEP,UNUN,UNUN,1960,1960,1964 June,3.9,47,47,19828,19828,250,UN-7,3,UN-7,1,1,1,1,1,1,0,"http://www.un.org/en/peacekeeping/missions/past/onucM.htm, (Sloan2011) (Boulden 2001: 24) (Mays 2011: 206)",before 1992,Up until 1991,0
10,UNSF,West New Guinea,PAC,PAC,UN,.,"UNGA Res. 1752 (September 21, 1962)",1,KEEP,KEEP,UNUN,UNUN,1962,1962,1963 April,0.5,6,6,1576,1576,0,UN-6,2,UN-6,0,0,1,1,0,0,0, (Mays 2011: 344),before 1992,Up until 1991,0
11,UNYOM,North Yemen,MENA,MENA,UN,.,"UNSC Res. 179 (June 11, 1963)",1,OBSR,OBSR,UNUN,UNUN,1963,1963,1964 September,1.2,14,14,189,189,0,UN-6,2,UN-6,0,0,1,1,1,1,0,(Mays 2011:,before 1992,Up until 1991,0
12,UNFICYP,Cyprus,EUR,EUR,UN,.,"UNSC Res. 186 (March 4, 1964)",1,KEEP,KEEP,UNUN,UNUN,1964,1964,ongoing,.,.,,1313,1313,178,UN-6,2,UN-6,0,0,1,1,1,1,1,(Koops et al 2015),before 1992,Up until 1991,0
13,DOMREP,Dominican Republic,LAC,LAC,UN,.,"UNSC Res. 203 (May 14, 1965)",,OBSR,OBSR,UNUN,UNUN,1965,1965,1966 October,1.4,17,17,2,2,0,UN-6,2,UN-6,0,0,1,1,1,1,0,,before 1992,Up until 1991,0
14,UNIPOM,India Pakistan,CSA,CSA,UN,.,"UNSC Res. 211 (September 20, 1965)",1,OBSR,OBSR,UNUN,UNUN,1965,1965,1966 March,0.5,6,6,96,96,0,UN-6,2,UN-6,0,0,1,1,0,0,0,http://www.un.org/en/peacekeeping/missions/past/unipombackgr.html,before 1992,Up until 1991,0
15,UNEF II,Egypt Israel,MENA,MENA,UN,.,"UNSC Res. 340 (October 25, 1973); UNSC Res. 341 (October 27, 1973)",1,KEEP,KEEP,UNUN,UNUN,1973,1973,1979 July,5.8,69,69,3987,3987,52,UN-6,2,UN-6,0,0,1,1,0,0,0,,before 1992,Up until 1991,0
16,UNDOF,Syria Israel (Golan Heights),MENA,MENA,UN,.,"UNSC Res. 350 (May 31, 1974)",1,KEEP,KEEP,UNUN,UNUN,1974,1974,ongoing,.,.,,1048,1048,43,UN-6,2,UN-6,0,0,1,1,0,0,0, (Mays 2011: 11),before 1992,Up until 1991,0
17,UNIFIL I,Lebanon,MENA,MENA,UN,.,"UNSC Res. 425 (March 19, 1978); UNSC Res. 426 (March 19, 1978)",1,KEEP,KEEP,UNUN,UNUN,1978,1978,ongoing,.,.,,13572,13572,278,UN-6,2,UN-6,0,0,1,1,0,0,1,,before 1992,Up until 1991,0
18,UNIIMOG,Iran Iraq,MENA,MENA,UN,.,"UNSC Res. 619 (August 9, 1988); UNSC Res. 671 (September 27, 1990)",1,OBSR,OBSR,UNUN,UNUN,1988,1988,1991 February,2.5,30,30,400,400,1,UN-6,2,UN-6,0,0,1,1,0,0,0,,before 1992,Up until 1991,0
19,UNGOMAP,Afghanistan,CSA,CSA,UN,.,"UNSC Res. 622 (October 31, 1988)",1,OBSR,OBSR,UNUN,UNUN,1988,1988,1990 March,1.8,22,22,50,50,0,UN-6,2,UN-6,0,0,1,1,1,1,0,(Mays 2011: 284),before 1992,Up until 1991,0
20,Long Term Mission to Serbia,Serbia,EUR,EUR,OSCE,1,,1,OTHER,OTHER,RORO,RORO,2001,2001,ongoing,.,.,,,,,NUN,1,NUN,0,0,1,1,0,0,1,,after 1992,From 1992 onwards,1
21,UNAVEM I,Angola,SSA,SSA,UN,.,"UNSC Res. 626 (December 20, 1988)",1,OBSR,OBSR,UNUN,UNUN,1989,1989,1991 June,2.4,29,29,70,70,0,UN-6,2,UN-6,0,0,1,1,1,1,0,,before 1992,Up until 1991,0
22,ONUCA,Central America,LAC,LAC,UN,.,"UNSC Res. 644 (November 7, 1989)",1,OBSR,OBSR,UNUN,UNUN,1989,1989,1992 January,2.2,26,26,1098,1098,1,UN-6,2,UN-6,0,0,1,1,1,1,0,,before 1992,Up until 1991,0
23,UNIKOM,Iraq Kuwait,MENA,MENA,UN,.,"UNSC Res. 678 (November 29, 1990); UNSC 689 (April 9, 1991)",0,OBSR,OBSR,UNUN,UNUN,1991,1991,2003 October,12.5,150,150,1323,1323,18,UN-7,3,UN-7,1,1,1,1,0,0,1,(Mays 2011: 294),before 1992,Up until 1991,0
24,MINURSO,Western Sahara Morocco,MENA,MENA,UN,.,"UNSC Res. 690 (April 29, 1991)",1,OTHER,OTHER,UNUN,UNUN,1991,1991,ongoing,.,.,,548,548,15,UN-6,2,UN-6,0,0,1,1,1,1,1,(Mays 2011: 298),before 1992,Up until 1991,0
25,1st gulf war,Iraq Kuwait,MENA,MENA,UN,.,"678 UNSC Res. 678 (November 29, 1990)",0,ENFO,ENFO,UNIS,UNIS,1991,1991,1991 March,0.2,2,2,660000,660000,.,UN-7,3,UN-7,1,1,1,1,0,0,0,(Findlay 2002: 124),before 1992,Up until 1991,0
26,ONUSAL,El Salvador,LAC,LAC,UN,.,"UNSC Res. 693 (May 20, 1991); Peace Agreement between the Government of El Salvador and Frente Farabundo Martí para la Liberación Nacional",1,KEEP,KEEP,UNUN,UNUN,1991,1991,1995 April,3.8,45,45,719,719,5,UN-6,2,UN-6,0,0,1,1,1,1,0,(Mays 2011: 315),before 1992,Up until 1991,0
27,UNAVEM II,Angola,SSA,SSA,UN,.,"UNSC Res. 696 (May 30, 1991), Ceasefire Agreement ",,OBSR,OBSR,UNUN,UNUN,1991,1991,1995 February,3.7,44,44,476,476,5,UN-6,2,UN-6,0,0,1,1,1,1,0,,before 1992,Up until 1991,0
28,UNAMIC,Cambodia,SEA,SEA,UN,.,"UNSC Res. 717 (October 16, 1991) 728",1,OBSR,OBSR,UNUN,UNUN,1991,1991,1992 March,0.4,5,5,1090,1090,0,UN-6,2,UN-6,0,0,1,1,1,1,0,,before 1992,Up until 1991,0
29,UNOSOM I,Somalia,SSA,SSA,UN,.,"UNSC Res. 751 (April 24, 1992); UNSC Res. 794 (December 3, 1992); Ceasefire Agreement (March 3, 1992)",1,KEEP,KEEP,UNUN,UNUN,1992,1992,1993 March,0.9,11,11,947,947,6,UN-7,3,UN-7,1,1,1,1,1,1,0,(Mays 2011: 8),before 1992,From 1992 onwards,0
30,ONUMOZ,Mozambique,SSA,SSA,UN,.,"UNSC Res. 797 (December 16, 1992)",1,OBSR,OBSR,UNUN,UNUN,1992,1992,1994 Dezember,2,24,24,7663,7663,26,UN-6,2,UN-6,0,0,1,1,1,1,0,,before 1992,From 1992 onwards,0
31,UNPROFOR,Bosnia and Herzegovina,EUR,EUR,UN,.,"UNSC Res. 743 (February 21, 1992)",1,KEEP,KEEP,UNUN,UNUN,1992,1992,1995 December,3.8,46,46,38599,38599,213,UN-6,2,UN-6,0,0,1,1,1,1,0,,before 1992,From 1992 onwards,0
32,UNTAC,Cambodia,SEA,SEA,UN,.,"UNSC Res. 745 (February 28, 1992)",1,KEEP,KEEP,UNUN,UNUN,1992,1992,1993 September,0.9,11,11,19350,19350,82,UN-6,2,UN-6,0,0,1,1,1,1,0,(Mays 2011: 265),before 1992,From 1992 onwards,0
33,UNOMIG,Georgia,EURA,EURA,UN,.,"UNSC Res. 858 (August 24, 1993); UNSC Res. S/RES/1866 (February 13, 2009)",1,OBSR,OBSR,UNUN,UNUN,1993,1993,2009 June,16,191,191,249,249,11,UN-6,2,UN-6,0,0,1,1,1,1,1,,after 1992,From 1992 onwards,1
34,UNOMUR,Uganda Rwanda,SSA,SSA,UN,.,"UNSC Res. 846 (June 22, 1993)",1,OBSR,OBSR,UNUN,UNUN,1993,1993,1994 September,1.3,15,15,81,81,0,UN-6,2,UN-6,0,0,1,1,1,1,0,,after 1992,From 1992 onwards,1
35,UNOSOM II,Somalia,SSA,SSA,UN,.,"UNSC Res. 814 (March 26, 1993), UNSC Res. 837 (June 6, 1993)",,ENFO,ENFO,UNUN,UNUN,1993,1993,1995 March,2,24,24,28000,28000,154,UN-7,3,UN-7,1,1,1,1,1,1,0, (Mays 2011: 11),after 1992,From 1992 onwards,1
36,UNAMIR,Rwanda,SSA,SSA,UN,.,"UNSC Res. 872 (October 5, 1993) 918",1,KEEP,KEEP,UNUN,UNUN,1993,1993,1996 March,2.4,29,29,2548,2548,27,UN-6,2,UN-6,0,0,1,1,1,1,0,,after 1992,From 1992 onwards,1
37,MNF,Haiti,LAC,LAC,UN,.,"UNSC Res. 867 (September 23, 1993) UNSC Res. 940 (July 31, 1994); UNSC Res. 975 (January 30, 1995)",1,KEEP,KEEP,UNIS,UNIS,1993,1993,1996 June,2.8,33,33,6903,6903,9,UN-A-7,4,UN-A-7,1,1,0,0,1,1,0,,after 1992,From 1992 onwards,1
38,UNOMIL,Liberia,SSA,SSA,UN,.,"UNSC Res. 866 (September 22, 1993), Cotonou Peace Agreement 1993",1,OBSR,OBSR,UNUN,UNUN,1993,1993,1997 September,4,48,48,303,303,0,UN-6,2,UN-6,0,0,1,1,1,1,0,,after 1992,From 1992 onwards,1
39,UNMOT,Tajikistan,EURA,EURA,UN,.,"UNSC Res. 968 (December 16, 1994)",,OBSR,OBSR,UNUN,UNUN,1994,1994,2000 May,5.4,65,65,81,81,7,UN-6,2,UN-6,0,0,1,1,1,1,1,,after 1992,From 1992 onwards,1
40,UNASOG,Chad Lybia,SSA,SSA,UN,.,"UNSC Res. 915 (May 4, 1994)",1,OBSR,OBSR,UNUN,UNUN,1994,1994,1994 June,0.1,1,1,9,9,0,UN-6,2,UN-6,0,0,1,1,0,0,0,,after 1992,From 1992 onwards,1
41,UNPOS,Somalia,SSA,SSA,UN,.,"UNSC Res. 1863 (January 16, 2009)",1,OBSR,OBSR,UNUN,UNUN,1995,1995,2013 June,13.4,161,161,17,17,0,UN-7,3,UN-7,1,1,1,1,0,0,0,,after 1992,From 1992 onwards,1
42,UNMIBH,Bosnia and Herzegovina,EUR,EUR,UN,.,"UNSC Res. 1035 (December 21, 1995); 1423 (July 12, 2002)",1,OTHER,OTHER,UNUN,UNUN,1995,1995,2002 December,7,84,84,2057,2057,12,UN-6,2,UN-6,1,1,1,1,1,1,1,,after 1992,From 1992 onwards,1
43,UNAVEM III,Angola,SSA,SSA,UN,.,"UNSC Res. 976 (February 8, 1995)",1,KEEP,KEEP,UNUN,UNUN,1995,1995,1997 June,2.3,28,28,4220,4220,36,UN-6,2,UN-6,0,0,1,1,1,1,0,,after 1992,From 1992 onwards,1
44,UNPREDEP,Macedonia,EUR,EUR,UN,.,"UNSC Res. 983 (March 31, 1995)",1,KEEP,KEEP,UNUN,UNUN,1995,1995,1999 February,3.9,47,47,1110,1110,4,UN-6,2,UN-6,0,0,1,1,1,1,0,(Mays 2011: 337),after 1992,From 1992 onwards,1
45,UNCRO,Croatia,EUR,EUR,UN,.,"UNSC Res. 981 (March 31, 1995); UNSC Res. 990 (Aprial 28, 1995)",1,KEEP,KEEP,UNUN,UNUN,1995,1995,1996 January,0.7,8,8,7071,7071,16,UN-7,3,UN-7,1,1,1,1,1,1,0,,after 1992,From 1992 onwards,1
46,UNTAES,Croatia,EUR,EUR,UN,.,"UNSC Res. 1037 (January 15, 1996)",1,KEEP,KEEP,UNUN,UNUN,1996,1996,1998 January,2,24,24,5561,5561,11,UN-7,3,UN-7,1,1,1,1,1,1,0,,after 1992,From 1992 onwards,1
47,UNMOP,Croatia,EUR,EUR,UN,.,"UNSC Res. 1038 (January 15, 1996)",1,KEEP,KEEP,UNUN,UNUN,1996,1996,2002 December,6.9,83,83,28,28,0,UN-6,2,UN-6,0,0,1,1,1,1,1,,after 1992,From 1992 onwards,1
48,UNMIH,Haiti,LAC,LAC,UN,.,"UNSC Res. 867 (September 23, 1993); UNSC Res. 940 (July 31, 1994); UNSC Res. 975 (January 30, 1995)",1,KEEP,KEEP,UNUN,UNUN,1996,1996,1997 July,1,12,12,1588,1588,1,UN-6,2,UN-6,0,0,1,1,1,1,0, https://history.state.gov/milestones/1993-2000/haiti,after 1992,From 1992 onwards,1
49,UNTMIH,Haiti,LAC,LAC,UN,.,"UNSC Res. 1123 (July 30, 1997)",1,OTHER,OTHER,UNUN,UNUN,1997,1997,1997 November,0.3,3,3,300,300,0,UN-6,2,UN-6,0,0,1,1,0,0,0,,after 1992,From 1992 onwards,1
50,MIPONUH,Haiti,LAC,LAC,UN,.,"UNSC Res. 1141 (November 28, 1997)",1,OTHER,OTHER,UNUN,UNUN,1997,1997,2000 March,2.3,27,27,300,300,7,UN-6,2,UN-6,0,0,1,1,0,0,1,,after 1992,From 1992 onwards,1
51,UNOL,Liberia,SSA,SSA,UN,.,"November 1, 1997; UNSC Report S/2003/875",1,OTHER,OTHER,UNUN,UNUN,1997,1997,2003 July,6.4,77,77,.,,0,UN-7,3,UN-7,1,1,1,1,0,0,0,http://www.naiau.kiev.ua/smc/en/missions/current-missions/liberia.html,after 1992,From 1992 onwards,1
52,MINUGUA,Guatemala,LAC,LAC,UN,.,"UNSC Res. 1094 (January 20, 1997); Ceasefire Agreement between the Government of Guatemala and the Unidad Revolucionaria Nacional Guatemalteca",1,OBSR,OBSR,UNUN,UNUN,1997,1997,1997 May,0.3,4,4,132,132,0,UN-6,2,UN-6,0,0,1,1,1,1,1,,after 1992,From 1992 onwards,1
53,MONUA,Angola,SSA,SSA,UN,.,"UNSC Res. 1118 (June 30, 1997)",1,OBSR,OBSR,UNUN,UNUN,1997,1997,1999 February,1.7,20,20,3568,3568,22,UN-6,2,UN-6,0,0,1,1,1,1,0,,after 1992,From 1992 onwards,1
54,MINURCA,Central African Republic,SSA,SSA,UN,.,"UNSC Res. 1159 (March 27, 1998)",1,KEEP,KEEP,UNUN,UNUN,1998,1998,2000 February,1.8,22,22,1374,1374,2,UN-7,3,UN-7,1,1,1,1,1,1,0,,after 1992,From 1992 onwards,1
55,UNPOB,Papua New Guinea,PAC,PAC,UN,.,"UNSC Res. S/1998/507 (June 15, 1998)",1,OTHER,OTHER,UNUN,UNUN,1998,1998,2003 December,5.3,64,64,.,,0,UN-6,2,UN-6,0,0,1,1,0,0,0,(Yearbook of the United Nations  1998: 320),after 1992,From 1992 onwards,1
56,UNPSG,Croatia,EUR,EUR,UN,.,"UNSC Res. 1145 (December 19, 1997); UNSC Res. 1037",1,OTHER,OTHER,UNUN,UNUN,1998,1998,1998 October,0.8,9,9,114,114,1,UN-6,2,UN-6,0,0,1,1,1,1,0,,after 1992,From 1992 onwards,1
57,UNOMSIL,Sierra Leone,SSA,SSA,UN,.,"UNSC Res. 1181 (July 13, 1998)",1,OBSR,OBSR,UNUN,UNUN,1998,1998,1999 October,1.3,15,15,207,207,0,UN-6,2,UN-6,0,0,1,1,1,1,0,,after 1992,From 1992 onwards,1
58,BONUCA,Central African Republic,SSA,SSA,UN,.,UN S/1999/1235 and S/1999/1236.,1,OTHER,OTHER,UNUN,UNUN,1999,1999,2008 September,8.6,103,103,39,39,1,UN-6,2,UN-6,0,0,1,1,0,0,0,http://bonuca.unmissions.org/Default.aspx?tabid=4258,after 1992,From 1992 onwards,1
59,UNMIK,Serbia Kosovo,EUR,EUR,UN,.,"UNSC Res. 1244 (June 10, 1999)",1,KEEP,KEEP,UNUN,UNUN,1999,1999,ongoing,.,.,,5743,5743,54,UN-7,3,UN-7,1,1,1,1,1,1,1,,after 1992,From 1992 onwards,1
60,UNAMET,East Timor,SEA,SEA,UN,.,"UNSC Res. 1246 (June 11, 1999)",1,OBSR,OBSR,UNUN,UNUN,1999,1999,1999 October,0.3,4,4,953,953,8,UN-6,2,UN-6,0,0,1,1,1,1,0,,after 1992,From 1992 onwards,1
61,UNOGBIS,Guinea Bissau,SSA,SSA,UN,.,"UNSC Res. 1233 (April 6, 1999); 1293",1,OTHER,OTHER,UNUN,UNUN,1999,1999,ongoing,.,.,,14,14,0,UN-6,2,UN-6,0,0,1,1,0,0,0,,after 1992,From 1992 onwards,1
62,MONUC,Congo-Kinshasa Zaire DRC,SSA,SSA,UN,.,"UNSC Res. 1279 (November 30, 1999); UNSC Res. 1291; Ceasefire Agreement",1,KEEP,KEEP,UNUN,UNUN,1999,1999,2010 July,10.66,128,128,19307,19307,161,UN-7,3,UN-7,1,1,1,1,1,1,1,,after 1992,From 1992 onwards,1
63,UNTAET,East Timor,SEA,SEA,UN,.,"UNSC Res. 1272 (October 25, 1999)",1,KEEP,KEEP,UNUN,UNUN,1999,1999,2002 May,2.6,31,31,10174,10174,26,UN-7,3,UN-7,1,1,1,1,1,1,1,,after 1992,From 1992 onwards,1
64,UNAMSIL,Sierra Leone,SSA,SSA,UN,.,"UNSC Res. 1270 (October 22, 1999)",1,KEEP,KEEP,UNUN,UNUN,1999,1999,2005 December,6.2,74,74,17711,17711,192,UN-7,3,UN-7,1,1,1,1,1,1,1,,after 1992,From 1992 onwards,1
65,UNSCO,Palestine,MENA,MENA,UN,.,UNSC,1,OTHER,OTHER,UNUN,UNUN,1999,1999,ongoing,.,.,,29,29,0,UN-6,2,UN-6,0,0,1,1,0,0,0,,after 1992,From 1992 onwards,1
66,UNMEE,Ethiopia and Eritrea,SSA,SSA,UN,.,"UNSC Res. 1320 (September 15, 2000); Agreement on Cessation of Hostilities",1,OBSR,OBSR,UNUN,UNUN,2000,2000,2008 July,8,96,96,4034,4034,20,UN-6,2,UN-6,0,0,1,1,0,0,1,,after 1992,From 1992 onwards,1
67,UNTOP,Tajikistan,EURA,EURA,UN,.,,1,OTHER,OTHER,UNUN,UNUN,2000,2000,2007 July,8.3,99,99,9,9,0,UN-6,2,UN-6,0,0,1,1,0,0,0,,after 1992,From 1992 onwards,1
68,UNOWA,West African Countries,SSA,SSA,UN,.,29-Nov-01,,OTHER,OTHER,UNUN,UNUN,2001,2001,ongoing,.,.,,7,7,0,UN-6,2,UN-6,0,0,1,1,0,0,0,,after 1992,From 1992 onwards,1
69,UNAMA,Afghanistan,CSA,CSA,UN,.,"UNSC Res. 1401 (March 28, 2002)",1,OTHER,OTHER,UNUN,UNUN,2002,2002,ongoing,.,.,,428,428,11,UN-6,2,UN-6,0,0,1,1,0,0,1,(Mays 2011: 272),after 1992,From 1992 onwards,1
70,UNMISET,East Timor,SEA,SEA,UN,.,"UNSC Res. 1410 (May 17, 2002)",1,KEEP,KEEP,UNUN,UNUN,2002,2002,2005 May,3,36,36,4583,4583,21,UN-7,3,UN-7,1,1,1,1,1,1,1,,after 1992,From 1992 onwards,1
71,UNAMI,Iraq,MENA,MENA,UN,.,"UNSC Res. 1483 (May 22, 2003)",1,OTHER,OTHER,UNUN,UNUN,2003,2003,ongoing,.,.,,684,684,10,UN-7,3,UN-7,1,1,1,1,1,1,1,,after 1992,From 1992 onwards,1
72,UNMIL,Liberia,SSA,SSA,UN,.,"UNSC Res. 1497 (2003); UNSC Res. 1509 (September 19, 2003)",1,KEEP,KEEP,UNUN,UNUN,2003,2003,2018 April,5,60,60,15638,15638,114,UN-7,3,UN-7,1,1,1,1,1,1,1,,after 1992,From 1992 onwards,1
73,UNOCI,Cote d'Ivoire,SSA,SSA,UN,.,"UNSC Res. 1528 (February 27, 2004)",1,OBSR,OBSR,UNUN,UNUN,2004,2004,2017 June,4.4,53,53,9567,9567,51,UN-7,3,UN-7,1,1,1,1,1,1,1,,after 1992,From 1992 onwards,1
74,UNOMB,Papua New Guinea,PAC,PAC,UN,.,"UN Secretary-General, S/2003/1198, S/2003/1199",1,OBSR,OBSR,UNUN,UNUN,2004,2004,2005 June,1.4,17,17,.,,0,UN-6,2,UN-6,0,0,1,1,1,1,0,,after 1992,From 1992 onwards,1
75,ONUB,Burundi,SSA,SSA,UN,.,"UNSC Res. 1545 (May 21, 2004), Ceasefire agreement (October 7, 2002)",1,KEEP,KEEP,UNUN,UNUN,2004,2004,2006 December,2.5,30,30,5665,5665,24,UN-7,3,UN-7,1,1,1,1,1,1,1,,after 1992,From 1992 onwards,1
76,MINUSTAH,Haiti,LAC,LAC,UN,.,"UNSC Res. 1542 (April 30, 2004)",1,KEEP,KEEP,UNUN,UNUN,2004,2004,2017 October,4.3,51,51,9483,9483,175,UN-7,3,UN-7,1,1,1,1,1,1,1,,after 1992,From 1992 onwards,1
77,UNMIS,Sudan (South),SSA,SSA,UN,.,"UNSC Res. 1590 (March 24, 2005), Comprehensive Peace Agreement",1,KEEP,KEEP,UNUN,UNUN,2005,2005,2011 July,3.5,42,42,10901,10901,40,UN-7,3,UN-7,1,1,1,1,1,1,1,,after 1992,From 1992 onwards,1
78,UNOTIL,East Timor,SEA,SEA,UN,.,"UNSC Res. 1599 (April 8, 2005)",1,OTHER,OTHER,UNUN,UNUN,2005,2005,2006 August,1.3,15,15,230,230,0,UN-6,2,UN-6,0,0,1,1,0,0,1,,after 1992,From 1992 onwards,1
79,UNMIT,East Timor,SEA,SEA,UN,.,"UNSC Res. 1704 (August 25, 2006)",1,OTHER,OTHER,UNUN,UNUN,2006,2006,2012 December,.,.,,1849,1849,4,UN-6,2,UN-6,0,0,1,1,1,1,1,,after 1992,From 1992 onwards,1
80,UNIOSIL,Sierra Leone,SSA,SSA,UN,.,"UNSC Res. 1620 (August 31, 2005)",1,OTHER,OTHER,UNUN,UNUN,2006,2006,2008 September,2.7,32,32,111,111,4,UN-6,2,UN-6,0,0,1,1,1,1,1,,after 1992,From 1992 onwards,1
81,BINUB,Burundi,SSA,SSA,UN,.,"UNSC Res. 1719 (October 25, 2006)",1,OTHER,OTHER,UNUN,UNUN,2007,2007,2010 December,.,.,,142,142,0,UN-6,2,UN-6,0,0,1,1,1,1,1,,after 1992,From 1992 onwards,1
82,UNMIN,Nepal,CSA,CSA,UN,.,"UNSC Res. 1740 (January 23, 2007)",1,OTHER,OTHER,UNUN,UNUN,2007,2007,2011 January,.,.,,374,374,6,UN-6,2,UN-6,0,0,1,1,1,1,1,,after 1992,From 1992 onwards,1
83,MINURCAT,Central African Republic and Chad,SSA,SSA,EU,0,"UNSC Res. 1778 (September 25, 2007)",1,KEEP,KEEP,UNRO,UNRO,2007,2007,2010 December,1,12,12,416,416,0,UN-A-7,4,UN-A-7,1,1,1,1,1,1,1,,after 1992,From 1992 onwards,1
84,UNIPSIL,Sierra Leone,SSA,SSA,UN,.,"UNSC Res. 1829 (August 4, 2008)",1,OTHER,OTHER,UNUN,UNUN,2008,2008,2010 December,.,.,,70,70,.,UN-6,2,UN-6,0,0,0,0,0,0,1,,after 1992,From 1992 onwards,1
85,MONUSCO,Congo-Kinshasa Zaire DRC,SSA,SSA,UN,.,"UNSC Res. 1925 (May 28, 2010)",1,KEEP,KEEP,UNUN,UNUN,2010,2010,ongoing,.,.,,22016,22016,59,UN-7,3,UN-7,1,1,0,0,1,1,1,,after 1992,From 1992 onwards,1
86,BNUB,Burundi,SSA,SSA,UN,.,"UNSC Res. 1959 (December 16, 2010)",1,OTHER,OTHER,UNUN,UNUN,2011,2011,2014 December,.,.,,1,1,0,UN-6,2,UN-6,0,0,0,0,0,0,0,,after 1992,From 1992 onwards,1
87,UNMISS,Sudan (South),SSA,SSA,UN,.,"UNSC Res. 1996 (July 8, 2011)",1,KEEP,KEEP,UNUN,UNUN,2011,2011,ongoing,.,.,,7900,7900,17,UN-7,3,UN-7,1,1,1,1,1,1,1,,after 1992,From 1992 onwards,1
88,UNISFA,South Sudan Abyei,SSA,SSA,UN,.,"UNSC Res. 1990 (June 27, 2011)",1,KEEP,KEEP,UNUN,UNUN,2011,2011,ongoing,.,.,,4250,4250,12,UN-7,3,UN-7,1,1,0,0,0,0,1,,after 1992,From 1992 onwards,1
89,UNSMIS,Syria,MENA,MENA,UN,.,"UNSC Res. 2043 (April 21, 2012)",1,OBSR,OBSR,UNUN,UNUN,2012,2012,2012 August,.,.,,300,300,1,UN-6,2,UN-6,0,0,0,0,1,1,1,,after 1992,From 1992 onwards,1
90,MINUSMA,Mali,SSA,SSA,UN,.,"UNSC Res. 2100 (April 25, 2013)",1,KEEP,KEEP,UNUN,UNUN,2013,2013,ongoing,0.4,5,5,12640,12640,.,UN-7,3,UN-7,1,1,0,0,1,1,0,(Karlsrud 2015: 40),after 1992,From 1992 onwards,1
91,OMIC I,Comoros,SSA,SSA,OAU,1,"OAU Res. (November 7, 1997)",1,OBSR,OBSR,RORO,RORO,1997,1997,1999 May,1.5,18,18,20,20,0,NUN,1,NUN,0,0,1,1,1,1,1,,after 1992,From 1992 onwards,1
92,Bamako Ceasefire Commission,Algeria Marocco,MENA,MENA,OAU,1,"OAU CM Res. 1 (November 18, 1963)",,OBSR,OBSR,RORO,RORO,1963,1963,1964 April,0.5,6,6,.,,.,NUN,1,NUN,0,0,1,1,0,0,0,,before 1992,Up until 1991,0
93,Chad I,Chad,SSA,SSA,OAU,1,"Kano I Peace Agreement (March 16, 1979)",1,KEEP,KEEP,ROIS,ROIS,1979,1979,1979 June,0.3,3,3,.,,.,NUN,1,NUN,0,0,1,1,0,0,0,http://uca.edu/politicalscience/dadm-project/sub-saharan-africa-region/72-chad-1960-present/,before 1992,Up until 1991,0
94,Chad II,Chad,SSA,SSA,OAU,1,"OAU CM Res. 769 (February 6, 1980); AHG Res. 99 (July 1, 1980)",1,KEEP,KEEP,RORO,RORO,1980,1980,1980 March,0.2,2,2,600,600,.,UN-E,5,UN-E,0,0,1,1,0,0,0,,before 1992,Up until 1991,0
95,Chad III,Chad,SSA,SSA,OAU,1,"OAU AHG Res. 102 (XVIII) Rev. 1 (June 24, 1981)",,KEEP,KEEP,RORO,RORO,1981,1981,1982 June,0.6,7,7,3500,3500,.,UN-E,5,UN-E,0,0,1,1,0,0,0,,before 1992,Up until 1991,0
96,OAU MOT,Rwanda,SSA,SSA,OAU,1,.,1,OBSR,OBSR,RORO,RORO,1991,1991,1991 September,0.4,5,5,15,15,.,NUN,1,NUN,0,0,1,1,1,1,0,,before 1992,Up until 1991,0
97,NMOG I,Rwanda,SSA,SSA,OAU,1,"Ceasefire Agreement (August 1, 1992)",1,OBSR,OBSR,RORO,RORO,1991,1991,1993 July,1.8,22,22,1.25,1.25,0,NUN,1,NUN,0,0,1,1,1,1,0,,before 1992,Up until 1991,0
98,NMOG II,Rwanda,SSA,SSA,OAU,1,.,1,OBSR,OBSR,RORO,RORO,1992,1992,1993 October,1.3,15,15,130,130,0,NUN,1,NUN,0,0,1,1,1,1,0,,before 1992,From 1992 onwards,0
99,OMIB,Burundi,SSA,SSA,OAU,1,"OAU CM Res. 1487 (February 4, 1994) ; bei SIPRI: OAU, 7 Dec. 1993",1,OBSR,OBSR,RORO,RORO,1994,1994,1996 July,2.4,29,29,67,67,1,NUN,1,NUN,0,0,1,1,1,1,1,,after 1992,From 1992 onwards,1
100,OMIC II,Comoros,SSA,SSA,OAU,1,"OAU Decision (November 27, 2001)",1,OBSR,OBSR,RORO,RORO,2001,2001,2002 February,0.1,2,2,14,14,0,NUN,1,NUN,0,0,0,0,1,1,1,,after 1992,From 1992 onwards,1
101,OAU Joint Monitoring Commission DR Congo,Congo-Kinshasa Zaire DRC,SSA,SSA,OAU,1,.,1,OBSR,OBSR,RORO,RORO,1999,1999,2000 November,1.2,14,14,33,33,0,UN-E,5,UN-E,0,0,1,1,1,1,0,,after 1992,From 1992 onwards,1
102,MICIVIH,Haiti,LAC,LAC,UN,.,"UN GA Res. A/47/L.56 (Aprial 23, 1993)",1,OBSR,OBSR,UNUN,UNUN,1993,1993,2000 March,6.9,83,83,200,200,0,UN-6,2,UN-6,0,0,1,1,0,0,1,,after 1992,From 1992 onwards,1
103,OAS Committee of Military Experts,Nicaragua Costa Rica,LAC,LAC,OAS,1,.,1,OBSR,OBSR,RORO,RORO,1955,1955,1955 February,0.1,1,1,27,27,.,NUN,1,NUN,0,0,1,1,0,0,0,(Koops et al 2015)(Shaw 2004: 76),before 1992,Up until 1991,0
104,OAS IAPF-OAS Mil,Dominican Republic,LAC,LAC,OAS,1,.,0,KEEP,KEEP,ROIS,ROIS,1965,1965,1966 September,1.3,16,16,13000,13000,.,NUN,1,NUN,0,0,1,1,1,1,0,,before 1992,Up until 1991,0
105,Obsrvs I-OAS Mil,Honduras El Salvador,LAC,LAC,OAS,1,.,1,OBSR,OBSR,RORO,RORO,1969,1969,1971 July,2,24,24,.,,.,NUN,1,NUN,0,0,1,1,0,0,0,,before 1992,Up until 1991,0
106,Obsrvs II,Honduras El Salvador,LAC,LAC,OAS,1,.,1,OBSR,OBSR,RORO,RORO,1976,1976,1981 August,5,60,60,28,28,.,NUN,1,NUN,0,0,1,1,0,0,0,,before 1992,Up until 1991,0
107,MAPP/OEA,Colombia,LAC,LAC,OAS,1,"OAS Permanent Council Res. 859 (February 6, 2004)",1,OBSR,OBSR,RORO,RORO,2004,2004,ongoing,.,.,,35,35,0,NUN,1,NUN,0,0,1,1,1,1,1,,after 1992,From 1992 onwards,1
108,OAS Special Mission,Haiti,LAC,LAC,OAS,1,CP/RES. 806,1,OBSR,OBSR,RORO,RORO,2004,2004,2007 April,2.8,34,34,51,51,1,NUN,1,NUN,0,0,1,1,0,0,1,,after 1992,From 1992 onwards,1
109,IFOR,Bosnia and Herzegovina,EUR,EUR,NATO,0,"UNSC Res. 1031 (December 15, 1995), Dayton Peace Agreement",1,KEEP,KEEP,UNRO,UNRO,1995,1995,1996 December,1,12,12,60000,60000,52,UN-A-7,4,UN-A-7,1,1,1,1,0,0,0,,after 1992,From 1992 onwards,1
110,SFOR,Bosnia and Herzegovina,EUR,EUR,NATO,0,"UNSC Res. 1088 (December 12, 1996), Dayton Peace Agreement",1,KEEP,KEEP,UNRO,UNRO,1996,1996,2004 December,8,96,96,36300,36300,287,UN-A-7,4,UN-A-7,1,1,1,1,1,1,1,,after 1992,From 1992 onwards,1
111,KFOR,Serbia Kosovo,EUR,EUR,NATO,0,"UNSC Res. 1244 (June 10, 1999)",1,KEEP,KEEP,UNRO,UNRO,1999,1999,ongoing,.,.,,42500,42500,127,UN-A-7,4,UN-A-7,1,1,1,1,1,1,1,,after 1992,From 1992 onwards,1
112,NATO Task Force Harvest (Essential Harvest),Macedonia,EUR,EUR,NATO,0,"North Atlantic Council decision (August 22, 2001)",1,KEEP,KEEP,RORO,RORO,2001,2001,2001 September,0.1,1,1,4675,4675,1,NUN,1,NUN,0,0,1,1,1,1,1,https://www.nato.int/fyrom/tfh/home.htm,after 1992,From 1992 onwards,1
113,TFF (Amber Fox),Macedonia,EUR,EUR,NATO,0,"UNSC Res. 1371 (September 26, 2001)",1,KEEP,KEEP,RORO,RORO,2001,2001,2002 December,1.3,15,15,1011,1011,1,UN-E,5,UN-E,0,0,1,1,1,1,1,,after 1992,From 1992 onwards,1
114,NATO-PKM (Allied Harmony),Macedonia,EUR,EUR,NATO,0,"UNSC Res. 1371 (September 26, 2001)",1,KEEP,KEEP,RORO,RORO,2002,2002,2003 March,0.3,3,3,450,450,2,NUN,1,NUN,0,0,1,1,1,1,1,,after 1992,From 1992 onwards,1
115,International Security Assistance Force (ISAF),Afghanistan,CSA,CSA,ADHOCOA,0,"UNSC Res. 1386 (December 20, 2001)",1,KEEP,KEEP,UNIS,UNIS,2003,2003,2014 December,.,.,,57004,57004,3471,UN-A-7,4,UN-A-7,1,1,1,1,1,1,1,Mays 2011,after 1992,From 1992 onwards,1
116,NTM-I,Iraq,MENA,MENA,NATO,0,"UNSC Res. 1546 (June 8, 2004)",1,OTHER,OTHER,UNRO,UNRO,2004,2004,2011 December,4.2,50,50,200,200,.,UN-A-7,4,UN-A-7,1,1,1,1,0,0,1, http://www.shape.nato.int/page136952,after 1992,From 1992 onwards,1
117,Operation Ocean Shield,Red Sea Golf of Aden Indian Ocean,MENA,MENA,NATO,1,"UNSC Res. 1846 (December 2, 2008)",1,KEEP,KEEP,UNRO,UNRO,2009,2009,2016 December,.,.,,400,400,.,UN-A-7,4,UN-A-7,1,1,0,0,0,0,0,,after 1992,From 1992 onwards,1
118,Operation Unified Protector,Libyen,MENA,MENA,NATO,0,"UNSC Res. 1970 (February 26, 2011); UNSC Res. 1973 (March 17, 2011)",0,ENFO,ENFO,UNRO,UNRO,2011,2011,2011 October,0.6,7,7,8000,8000,.,UN-A-7,4,UN-A-7,1,1,0,0,0,0,0,,after 1992,From 1992 onwards,1
119,Pensinsula Shield Force Bahrain,Bahrain,MENA,MENA,GCC,1,"GCC Foreign Ministers Meeting, 35th meeting",1,KEEP,KEEP,RORO,RORO,2011,2011,2011 July,0.3,4,4,1500,1500,.,NUN,1,NUN,0,0,0,0,0,0,0,https://www.alarabiya.net/articles/2011/03/14/141445.html; http://ncusar.org/blog/2014/12/gcc-joint-military-command/,after 1992,From 1992 onwards,1
120,ECMM / EUMM,Western Balkans,EUR,EUR,EU,0,"EU Council Joint Action 2000/811/CFSP (December 22, 2000)",1,OTHER,OTHER,RORO,RORO,1991,1991,ongoing,.,.,,490,490,11,NUN,1,NUN,0,0,1,1,0,0,1,,before 1992,Up until 1991,0
121,EUPOL,Macedonia,EUR,EUR,EU,0,"UNSC Res. 1371 (September 26, 2001); EU Council Joint Action 2003/681/CFSP (September 29, 2003)",1,OTHER,OTHER,RORO,RORO,2003,2005,2005 December,2,24,24,184,184,0,UN-E,5,UN-E,0,0,0,0,1,1,1,,after 1992,From 1992 onwards,1
122,EUPM,Bosnia and Herzegovina,EUR,EUR,EU,0,"UNSC Res. 1396 (March 5, 2002); EU Council Joint Action 2002/210/CFSP (March 11, 2002)",1,OTHER,OTHER,RORO,RORO,2003,2003,2012 June,5,60,60,554,554,3,UN-E,5,UN-E,0,0,1,1,1,1,1,,after 1992,From 1992 onwards,1
123, EUIEMF - DRC / Operation Artemis,Congo-Kinshasa Zaire DRC,SSA,SSA,EU,0,"UNSC Res. 1484 (May 30, 2003); EU Council Decision 2003/432/CFSP (June 12, 2003)",1,KEEP,KEEP,UNRO,UNRO,2003,2003,2003 September,0.3,3,3,1968,1968,0,UN-A-7,4,UN-A-7,1,1,1,1,1,1,0,,after 1992,From 1992 onwards,1
124,EUFOR-Macedonia (Concordia),Macedonia,EUR,EUR,EU,0,"UNSC Res. 1371 (September 26, 2001)",1,KEEP,KEEP,RORO,RORO,2003,2003,2003 December,0.8,9,9,150,150,0,UN-E,5,UN-E,0,0,1,1,1,1,1,,after 1992,From 1992 onwards,1
125,EUFOR-ALTHEA,Bosnia and Herzegovina,EUR,EUR,EU,0,"UNSC Res. 1575 (November 22, 2004)",1,KEEP,KEEP,UNRO,UNRO,2004,2004,ongoing,.,.,,6610,6610,17,UN-A-7,4,UN-A-7,1,1,1,1,1,1,1,,after 1992,From 1992 onwards,1
126,EUJUST Lex,Iraq,MENA,MENA,EU,0,"EU Council Joint Action 2005/190/CFSP (March 7, 2005)",1,OTHER,OTHER,RORO,RORO,2004,2004,2013 December,8.3,101,101,26,26,0,NUN,1,NUN,0,0,1,1,0,0,1,,after 1992,From 1992 onwards,1
127,AMIS II Darfur,Sudan (Darfur),SSA,SSA,AU,0,"UNSC Res. 1556 (July 30, 2004); UNSC Res. 1564 (September 18, 2004); AU Peace & Security Council decision (October 20, 2004)",1,KEEP,KEEP,RORO,RORO,2004,2004,2007 December,3.9,47,47,40,40,0,UN-E,5,UN-E,1,1,1,1,1,1,1,,after 1992,From 1992 onwards,1
128,EUBAM,Moldova Ukraine,EURA,EURA,EU,0,"EU Council Joint Action 2005/776/CFSP (November 7, 2005)",1,OTHER,OTHER,RORO,RORO,2005,2005,ongoing,.,.,,103,103,0,NUN,1,NUN,0,0,1,1,0,0,1,,after 1992,From 1992 onwards,1
129,EUPAT,Macedonia,EUR,EUR,EU,0,"UNSC Res. 1371 (September 26, 2001); EU Council Joint Action 2005/826/CFSP (November 24, 2005)",1,OTHER,OTHER,RORO,RORO,2005,2005,2006 December,1.5,18,18,32,32,0,NUN,1,NUN,0,0,1,1,0,0,1,,after 1992,From 1992 onwards,1
130,EUSEC,Congo-Kinshasa Zaire DRC,SSA,SSA,EU,0,"EU Council Joint Action 2005/355/CFSP (May 2, 2005)",1,OTHER,OTHER,UNRO,UNRO,2005,2005,2014 September,9.3,112,112,46,46,1,UN-A-7,4,UN-A-7,1,1,1,1,0,0,1,,after 1992,From 1992 onwards,1
131,EUPOL Kinshasa,Congo-Kinshasa/Zaire/DRC,SSA,SSA,EU,0,"EU Council Join Action 2004/847/CFSP (December 9, 2004); UNSC Res. 1493 (July 28, 2003)",1,OTHER,OTHER,UNRO,UNRO,2005,2005,2007 June,2.3,27,27,54,54,0,UN-A-7,4,UN-A-7,1,1,1,1,1,1,1,,after 1992,From 1992 onwards,1
132,AMM EU BAM,Indonesia (Aceh),SEA,SEA,EU,0,"EU Council Joint Action 2005/643/CFSP (September 9, 2005)",1,OBSR,OBSR,RORO,RORO,2005,2005,2006 December,1.3,15,15,216,216,1,NUN,1,NUN,0,0,1,1,1,1,0,,after 1992,From 1992 onwards,1
133,EUSR BST,Georgia,EURA,EURA,EU,0,"EU Council Joint Action 2003/496/CFSP (July 7, 2003)",1,OTHER,OTHER,RORO,RORO,2005,2005,2008 September,3,36,36,20,20,0,NUN,1,NUN,0,0,1,1,0,0,0,,after 1992,From 1992 onwards,1
134,EUFOR RD Congo,Congo-Kinshasa Zaire DRC,SSA,SSA,EU,0,"UNSC Res. 1484 (May 30, 2003); UNSC Res. 1671 (April 25, 2006)",1,KEEP,KEEP,UNRO,UNRO,2006,2006,2006. November,0.6,7,7,2275,2275,0,UN-A-7,4,UN-A-7,1,1,1,1,1,1,1,,after 1992,From 1992 onwards,1
135,EUPT,Serbia Kosovo,EUR,EUR,EU,0,"EU Council Joint Action 2006/304/CFSP (Aprial 10, 2006)",1,OTHER,OTHER,RORO,RORO,2006,2006,2009,.,.,,35,35,0,NUN,1,NUN,0,0,1,1,0,0,1,,after 1992,From 1992 onwards,1
136,EUROPOL DR Congo,Congo-Kinshasa Zaire DRC,SSA,SSA,EU,0,"UNSC Res. 1756 (May 15, 2007); EU Council Joint Action 2007/405/CFSP (June 12, 2007)",1,OTHER,OTHER,RORO,RORO,2007,2007,2014 September,7.3,16,16,38,38,0,UN-E,5,UN-E,1,1,0,0,1,1,0,UNSC Resolution 1756 mentions Chapter VII for MONUC,after 1992,From 1992 onwards,1
137,EUROPOL Afghanistan,Afghanistan,CSA,CSA,EU,0,"1746; EU Council Joint Action 2007/369/CFSP (May 30, 2007)",1,OTHER,OTHER,RORO,RORO,2007,2016,2016 December,1.3,16,16,185,185,0,UN-E,5,UN-E,0,0,1,1,1,1,1,,after 1992,From 1992 onwards,1
138,EULEX Kosovo,Serbia Kosovo,EUR,EUR,EU,0,"UNSC Res. 1244 (June 10, 1999); EU Council Joint Action 2008/124/CFSP (February 4, 2008)",1,OTHER,OTHER,RORO,RORO,2008,2008,ongoing,.,.,,1900,1900,0,NUN,1,NUN,1,1,1,1,1,1,1,,after 1992,From 1992 onwards,1
139,EUFOR Chad,Chad,SSA,SSA,EU,0,"UNSC Res. 1778 (September 25, 2007); ACTS Council Decision 2008/101/CFSP (January 28, 2008)",1,KEEP,KEEP,UNRO,UNRO,2008,2008,2009 March,1.2,14,14,3500,3500,1,UN-A-7,4,UN-A-7,1,1,1,1,1,1,1,,after 1992,From 1992 onwards,1
140,EU SRR Guinea-Bissau,Guinea Bissau,SSA,SSA,EU,0,"ACTS Council Joint Action 2008/112/CFSP (February 12, 2008)",1,OTHER,OTHER,RORO,RORO,2008,2008,2010 September,1.6,19,19,21,21,0,NUN,1,NUN,0,0,1,1,0,0,1,,after 1992,From 1992 onwards,1
141,EUTM / Somalia,Uganda Somalia,SSA,SSA,EU,1,"UNSC Res. 1872 (May 26, 2009); EU Council Decision 2010/967CFSP (February 15, 2010)",1,OTHER,OTHER,RORO,RORO,2010,2010,ongoing,.,.,,141,141,0,NUN,1,NUN,0,0,0,0,0,0,1,,after 1992,From 1992 onwards,1
142,ECOMOG-Liberia,Liberia,SSA,SSA,ECOWAS,1,"ECOWAS Decision A/Dec.1/8/90 (August 7, 1990)",1,KEEP,KEEP,RORO,RORO,1990,1990,1999 October,9.2,110,110,12040,12040,.,NUN,1,NUN,0,0,1,1,1,1,0,,before 1992,Up until 1991,0
143,ECOMOG-Sierra Leone,Sierra Leone,SSA,SSA,ECOWAS,1,"UNSC Res. 1132 (October 8, 1997), Abidjan Peace Agreement",,KEEP,KEEP,RORO,RORO,1997,1997,2000 May,2.6,31,31,14000,14000,.,UN-A-7,4,UN-A-7,1,1,1,1,1,1,1,,after 1992,From 1992 onwards,1
144,ECOMOG-Guniea-Bissau,Guinea Bissau,SSA,SSA,ECOWAS,1,"UNSC Res. 1216 (December 21, 1998), Ceasefire Agreement",1,KEEP,KEEP,RORO,RORO,1998,1998,1999 June,0.5,6,6,2400,2400,.,UN-E,5,UN-E,0,0,1,1,1,1,0,,after 1992,From 1992 onwards,1
145,ECOMIL,Liberia,SSA,SSA,ECOWAS,1,"UNSC Res. 1497 (August 1, 2003), UNSC Res. 1509 ",,KEEP,KEEP,UNRO,UNRO,2003,2003,2003 September,0.1,1,1,3820,3820,4,UN-A-7,4,UN-A-7,1,1,1,1,1,1,1,,after 1992,From 1992 onwards,1
146,ECOMICI,Cote d'Ivoire,SSA,SSA,ECOWAS,1,"UNSC Res. 1464 (February 4, 2003)",1,KEEP,KEEP,UNRO,UNRO,2003,2003,2004 April,1.2,14,14,1510,1510,4,UN-A-7,4,UN-A-7,1,1,1,1,1,1,1,,after 1992,From 1992 onwards,1
147,ECOMIB,Guinea Bissau,SSA,SSA,ECOWAS,1,"ECOWAS Roadmap on Defence and Security Sector Reform (November 7, 2012)",1,KEEP,KEEP,RORO,RORO,2012,2012,2017 June,5.3,63,63,600,600,.,NUN,1,NUN,1,1,0,0,1,1,1,,after 1992,From 1992 onwards,1
148,AFISMA,Mali,SSA,SSA,ECOWAS,1,"UNSC Res. 2085 (December 20, 2012); AU PSC (October 24, 2012)",1,KEEP,KEEP,UNRO,UNRO,2013,2013,2013 July,0.7,8,8,3300,3300,.,UN-A-7,4,UN-A-7,1,1,0,0,1,1,0,,after 1992,From 1992 onwards,1
149,CMF-Zimbabwe,Zimbabwe,SSA,SSA,COMWN,1,.,1,KEEP,KEEP,RORO,RORO,1979,1979,1980 March,0.3,3,3,1548,1548,.,NUN,1,NUN,0,0,1,1,1,1,0,,before 1992,Up until 1991,0
150,CPDTF,Sierra Leone,SSA,SSA,COMWN,1,.,1,OTHER,OTHER,RORO,RORO,1997,1997,2000 October,3,36,36,7,7,0,NUN,1,NUN,0,0,1,1,0,0,1,,after 1992,From 1992 onwards,1
151,CMPPMG,Solomon Islands,PAC,PAC,COMWN,1,. ,1,OTHER,OTHER,RORO,RORO,1999,1999,2000 January,0.3,3,3,.,,.,NUN,1,NUN,0,0,1,1,1,1,0,,after 1992,From 1992 onwards,1
152,CMPAG,Solomon Islands,PAC,PAC,COMWN,1,.,1,OTHER,OTHER,RORO,RORO,2000,2000,2000 June,0.3,4,4,24,24,.,NUN,1,NUN,0,0,1,1,1,1,0,,after 1992,From 1992 onwards,1
153,Joint Control Commission PKM,Moldova (Transdniestr),EURA,EURA,CIS,1,.,1,KEEP,KEEP,RORO,RORO,1992,1992,ongoing,.,.,,.,,32,NUN,1,NUN,0,0,1,1,1,1,1,,before 1992,From 1992 onwards,0
154,JPKF-South Ossetia,Georgia (South Ossetia),EURA,EURA,CIS,1,.,1,KEEP,KEEP,RORO,RORO,1992,1992,2009 June,16.3,195,195,1500,1500,19,NUN,1,NUN,0,0,1,1,1,1,1,,before 1992,From 1992 onwards,0
155,CPKF/CIS Tajikistan Buffer Force,Tajikistan,EURA,EURA,CIS,1,.,1,KEEP,KEEP,RORO,RORO,1993,1993,2000 September,7.5,90,90,25000,25000,.,NUN,1,NUN,0,0,1,1,1,1,1,,after 1992,From 1992 onwards,1
156,Russian Abkhazia Peacekeeping Force,Georgia (Abkhazia),EURA,EURA,CIS,1,"Moscow Cease-fire and Separation of Forces Agreement (May 14, 1994) (S/1994/583); UNSC Res. 937 (July 21, 1994)",1,KEEP,KEEP,RORO,RORO,1993,1993,1994 June,0.6,7,7,.,,.,UN-E,5,UN-E,0,0,1,1,1,1,1,,after 1992,From 1992 onwards,1
157,CPKF / CPFOR,Georgia (Abkhazia),EURA,EURA,CIS,1,"UNSC Res. 937 (July 21, 1994)",1,KEEP,KEEP,RORO,RORO,1993,1993,2008 October,14.8,179,179,2542,2542,125,UN-E,5,UN-E,0,0,1,1,1,1,0,,after 1992,From 1992 onwards,1
158,FOMUC,Central African Republic,SSA,SSA,CEMAC,1,.,1,KEEP,KEEP,RORO,RORO,2003,2003,2008 July,5.5,66,66,380,380,8,NUN,1,NUN,0,0,1,1,1,1,1,,after 1992,From 1992 onwards,1
159,MICOPAX,Central African Republic,SSA,SSA,ECCAS,1,.,1,KEEP,KEEP,RORO,RORO,2008,2008,2013 Deceember,5.4,65,65,500,500,0,NUN,1,NUN,0,0,1,1,1,1,1,,after 1992,From 1992 onwards,1
160,UNAMID,Sudan (Darfur),SSA,SSA,UNHYBRID,1,"UNSC Res. 1769 (July 31, 2007)",,KEEP,KEEP,UNRO,UNRO,2007,2007,ongoing,.,.,,9080,9080,.,UN-A-7,4,UN-A-7,1,1,1,1,1,1,1,,after 1992,From 1992 onwards,1
161,AMIB,Burundi,SSA,SSA,AU,1,"African Union decision (April 2, 2003); Arusha Peace and Reconciliation Agreements",1,KEEP,KEEP,RORO,RORO,2003,2003,2004 May,1.1,13,13,3378,3378,1,UN-E,5,UN-E,0,0,1,1,1,1,0,,after 1992,From 1992 onwards,1
162,OMIC IV,Comoros,SSA,SSA,AU,1,.,1,OBSR,OBSR,RORO,RORO,2004,2004,2004 May,0.3,4,4,41,41,0,NUN,1,NUN,0,0,1,1,1,1,1,,after 1992,From 1992 onwards,1
163,AMIS I,Sudan,SSA,SSA,AU,1,"UNSC Res. 1556 (July 30, 2004)",1,OBSR,OBSR,RORO,RORO,2004,2004,2007 December,3.5,42,42,7990,7990,60,UN-E,5,UN-E,1,1,1,1,1,1,1,,after 1992,From 1992 onwards,1
164,AMISEC,Comoros,SSA,SSA,AU,1,.,1,OTHER,OTHER,RORO,RORO,2006,2006,2006 June,0.3,3,3,462,462,0,NUN,1,NUN,0,0,1,1,1,1,1,,after 1992,From 1992 onwards,1
165,AMISOM,Somalia,SSA,SSA,AU,1,"UNSC Res. 1863 (January 16, 2009), UNSC Res. 1744 (February 20, 2007)",1,KEEP,KEEP,UNRO,UNRO,2007,2007,ongoing,.,.,,2650,2650,7,UN-A-7,4,UN-A-7,1,1,1,1,1,1,1,,after 1992,From 1992 onwards,1
166,MAES I-II,Comoros,SSA,SSA,AU,1,"AU Peace & Security Council communique (May 9, 2007)",1,OTHER,OTHER,RORO,RORO,2007,2007,2008 October,1.4,17,17,200,200,0,NUN,1,NUN,0,0,1,1,1,1,1,,after 1992,From 1992 onwards,1
167,Arab League Military Observers,North Yemen,MENA,MENA,LAS,1,.,,KEEP,KEEP,RORO,RORO,1972,1972,1972 November,0.1,1,1,.,,.,NUN,1,NUN,0,0,1,1,1,1,0,(Koops et al. 2015: 32) (Yearbook of the United Nations 1998: 320),before 1992,Up until 1991,0
168,Arab Deterrent Force,Lebanon,MENA,MENA,LAS,1,"Riyadh Resolution, League of Arab States (October 1976)",1,KEEP,KEEP,RORO,RORO,1976,1976,1982 July,5.8,69,69,30000,30000,.,NUN,1,NUN,0,0,1,1,1,1,0, http://www.uia.org/s/or/en/1100003529; (Mays 2011: 53),before 1992,Up until 1991,0
169,MNF I,Lebanon,MENA,MENA,ADHOCOA,0,.,1,KEEP,KEEP,ISIS,ISIS,1982,1982,1982 September,0.1,1,1,2285,2285,.,NUN,1,NUN,0,0,1,1,1,1,0,(Pogany 1987: 71),before 1992,Up until 1991,0
170,Neutral Nations Supervisory Commission,North Korea South Korea,CSA,CSA,ADHOCOA,0,"UNSC Res. 82 (June 27, 1950); Armistice Agreement (July 27, 1953)",1,OBSR,OBSR,ISIS,ISIS,1953,1953,ongoing,.,.,,56,56,0,UN-E,5,UN-E,0,0,1,1,0,0,1,,before 1992,Up until 1991,0
171,ICSC-Laos I,North Vietnam Laos,SEA,SEA,ADHOCOA,0,"Geneva Agreement on the Cessation of Hostilities in Viet-Nam (July 20-21, 1954)",1,OBSR,OBSR,ISIS,ISIS,1954,1954,1958 July,3.9,47,47,96,96,.,NUN,1,NUN,0,0,1,1,1,1,0,,before 1992,Up until 1991,0
172,ICCS-Cambodia,North Vietnam Cambodia,SEA,SEA,ADHOCOA,0,"Geneva Agreement on the Cessation of Hostilities in Viet-Nam (July 20-21, 1954)",1,OBSR,OBSR,ISIS,ISIS,1954,1954,1970 January,15.4,185,185,96,96,.,NUN,1,NUN,0,0,1,1,1,1,0,,before 1992,Up until 1991,0
173,ICSC Vietnam,Vietnam,SEA,SEA,ADHOCOA,0,"Geneva Agreement on the Cessation of Hostilities in Viet-Nam (July 20-21, 1954)",1,OBSR,OBSR,ISIS,ISIS,1954,1954,1973 January,18.4,221,221,1300,1300,3,NUN,1,NUN,0,0,1,1,1,1,0,,before 1992,Up until 1991,0
174,ICSC-Laos II,North Vietnam Laos,SEA,SEA,ADHOCOA,0,"Geneva Agreement on the Cessation of Hostilities in Viet-Nam (July 20-21, 1954)",1,OBSR,OBSR,ISIS,ISIS,1962,1962,1975 December,13.6,163,163,.,,.,NUN,1,NUN,0,0,1,1,1,1,0,,before 1992,Up until 1991,0
175,Joint Truce Force Cyprus,Cyprus,EUR,EUR,ADHOCIS,0,"Guarantor Powers Agreement (Great Britan, Greece, Turkey) (December 25, 1963)",1,KEEP,KEEP,ISIS,ISIS,1963,1963,1964 March,0.3,3,3,7800,7800,.,NUN,1,NUN,0,0,1,1,1,1,0, (Koop et al 2015),before 1992,Up until 1991,0
176,ACOM,Jordan,MENA,MENA,ADHOCOA,1,"Jordan-PLO Ceasefire Agreement (September 27, 1970)",1,OBSR,OBSR,ISIS,ISIS,1970,1970,1970 September,0.1,1,1,3,3,.,NUN,1,NUN,0,0,1,1,0,0,0,news.bbc.co.uk/onthisday/hi/dates/stories/september/27/newsid_4579000/4579685.stm,before 1992,Up until 1991,0
177,Somali Military Observer Team,Uganda Tanzania,SSA,SSA,ADHOCOA,1,.,1,KEEP,KEEP,ISIS,ISIS,1972,1972,1972 November,0.1,1,1,.,,.,NUN,1,NUN,0,0,1,1,0,0,0,,before 1992,Up until 1991,0
178,ICCS,North Vietnam South Vietnam,SEA,SEA,ADHOCOA,0,"Geneva Agreement on the Cessation of Hostilities in Viet-Nam (July 20-21, 1954)",1,OBSR,OBSR,ISIS,ISIS,1973,1973,1974 May,1.3,16,16,1160,1160,4,NUN,1,NUN,0,0,1,1,1,1,0,,before 1992,Up until 1991,0
179,Benin Observer Commission,Mali Burkina Faso,SSA,SSA,ADHOCOA,1,.,,KEEP,KEEP,ISIS,ISIS,1986,1986,1986 January,.,0,0,.,,.,NUN,1,NUN,0,0,1,1,0,0,0,,before 1992,Up until 1991,0
180,UNITAF,Somalia,SSA,SSA,ADHOCOA,0,"UNSC Res. 794 (December 3, 1992)",,ENFO,ENFO,UNIS,UNIS,1992,1992,1993 May,0.4,5,5,37000,37000,.,UN-A-7,4,UN-A-7,1,1,1,1,1,1,0,,before 1992,From 1992 onwards,0
181,Operation Turquoise,Rwanda,SSA,SSA,ADHOCOA,0,"UNSC Res. 929 (June 22, 1994)",0,KEEP,KEEP,ISIS,ISIS,1994,1994,1994 August,0.2,2,2,2500,2500,.,UN-E,5,UN-E,1,1,1,1,1,1,0,(Mays 2011: 382),after 1992,From 1992 onwards,1
182,MOMEP,Peru Ecuador,LAC,LAC,ADHOCOA,1,"Declaration of Itamaraty (February 17, 1995)",1,OBSR,OBSR,ISIS,ISIS,1995,1995,1999 June,4.3,51,51,100,100,.,NUN,1,NUN,0,0,1,1,0,0,0,https://www.hsdl.org/?view&did=445391,after 1992,From 1992 onwards,1
183,Alba,Albania,EUR,EUR,ADHOCOA,0,"UNSC Res. 1101 (March 28, 1997)",1,KEEP,KEEP,UNIS,UNIS,1997,1997,1997 August,0.3,4,4,6000,6000,.,UN-A-7,4,UN-A-7,1,1,1,1,1,1,0,,after 1992,From 1992 onwards,1
184,TMG,Papua New Guinea (Bougainville),PAC,PAC,ADHOCOA,1,"Lincoln Agreement; UNSC Statement S/PRST/1998/10 (April 22, 1998)",1,OBSR,OBSR,ISIS,ISIS,1997,1997,1998 April,0.3,4,4,328,328,0,NUN,1,NUN,0,0,1,1,1,1,0,,after 1992,From 1992 onwards,1
185,MISAB Operation,Central African Republic,SSA,SSA,ADHOCOA,1,"Bangui Peace Agreement (January 25, 1997), UNSC Res. 1125 (August 6, 1997)",1,KEEP,KEEP,UNIS,UNIS,1997,1997,1998 April,1.2,14,14,1100,1100,.,UN-A-7,4,UN-A-7,1,1,1,1,1,1,0,,after 1992,From 1992 onwards,1
186,TIPH,Israel (Hebron),MENA,MENA,ADHOCOA,0,"UNSC Res. 904 (March 18, 1994); Declaration of Principles (S/26560)",1,OBSR,OBSR,ISIS,ISIS,1994,1994,1994 August,11.7,140,140,91,91,2,UN-E,5,UN-E,0,0,1,1,0,0,1,,after 1992,From 1992 onwards,1
187,PMG,Papua New Guinea (Bougainville),PAC,PAC,ADHOCOA,1,"Lincoln Agreement; UNSC Statement S/PRST/1998/10 (April 22, 1998)",1,OBSR,OBSR,ISIS,ISIS,1998,1998,2003 June,5.1,61,61,301,301,1,UN-E,5,UN-E,0,0,1,1,1,1,1,,after 1992,From 1992 onwards,1
188,SADC Lesotho (Boleas),Lesotho,SSA,SSA,SADC,1,.,1,KEEP,KEEP,RORO,RORO,1998,1998,1999 March,0.5,6,6,3500,3500,.,NUN,1,NUN,0,0,1,1,1,1,0,,after 1992,From 1992 onwards,1
189,INTERFET,East Timor,SEA,SEA,ADHOCOA,1,"UNSC Res. 1264 (September 15, 1999)",1,KEEP,KEEP,UNIS,UNIS,1999,1999,2000 February,0.4,5,5,12600,12600,3,UN-A-7,4,UN-A-7,1,1,1,1,1,1,1,,after 1992,From 1992 onwards,1
190,IPMT,Solomon Islands,PAC,PAC,ADHOCOA,1,"Townsville Peace Agreement (October 15, 2000), UNSC S/2000/1088 (November 10, 2000)",1,OBSR,OBSR,ISIS,ISIS,2000,2000,2002 June,1.6,19,19,65,65,.,NUN,1,NUN,0,0,1,1,1,1,1,,after 1992,From 1992 onwards,1
191,ISAF,Afghanistan,CSA,CSA,ADHOCOA,0,"UNSC Res. 1386 (December 20, 2001)",1,KEEP,KEEP,UNIS,UNIS,2001,2001,2003 August,1.7,20,20,4988,4988,.,UN-A-7,4,UN-A-7,1,1,1,1,0,0,1,,after 1992,From 1992 onwards,1
192,SAPSD,Burundi,SSA,SSA,ADHOCIS,1,"UNSC Res. 1375 (October 29, 2001), Arusha Peace and Reconciliation Agreement",1,KEEP,KEEP,RORO,RORO,2001,2001,2003 May,1.5,18,18,750,750,8,UN-E,5,UN-E,0,0,1,1,1,1,1,,after 1992,From 1992 onwards,1
193,JMM/JMC Operation,Sudan,SSA,SSA,ADHOCOA,0,"Nuba Mountains Cease Fire Agreement on Sudan  (January 19, 2002)",1,OBSR,OBSR,ISIS,ISIS,2002,2002,2005 March,2.9,35,35,.,,.,NUN,1,NUN,0,0,1,1,1,1,0,,after 1992,From 1992 onwards,1
194,SLMM,Sri Lanka,CSA,CSA,ADHOCOA,0,Peace Agreement Sri Lanka/Tamil Tigers (February 2002),1,OBSR,OBSR,ISIS,ISIS,2002,2002,2008 February,5.8,69,69,60,60,0,NUN,1,NUN,0,0,1,1,1,1,1,(Mays 2011: 247),after 1992,From 1992 onwards,1
195,MFO,Egypt Israel,MENA,MENA,ADHOCOA,0,1979 Treaty of Peace Egypt-Israel (Annex I),1,KEEP,KEEP,ISIS,ISIS,1982,1982,2008 September,26.4,317,317,2600,2600,60,NUN,1,NUN,0,0,1,1,0,0,1,http://mfo.org/en/about-us,before 1992,Up until 1991,0
196,MNF II,Lebanon (addressed interstate conflicts between Syria and Israel),MENA,MENA,ADHOCOA,0,.,1,KEEP,KEEP,ISIS,ISIS,1982,1982,1984 March,1.5,18,18,5600,5600,.,NUN,1,NUN,0,0,1,1,1,1,0,(Pogany 1987: 71),before 1992,Up until 1991,0
197,French PKM in Ivory Coast (Licorne),Cote d'Ivoire,SSA,SSA,ADHOCIS,0,"UNSC Res. 1464 (February 4, 2003)",,KEEP,KEEP,UNIS,UNIS,2002,2002,2014 July,11.8,130,130,5300,5300,24,UN-A-7,4,UN-A-7,1,1,1,1,1,1,1,,after 1992,From 1992 onwards,1
198,RAMSI,Solomon Islands,PAC,PAC,ADHOCOA,1,Peace Process Guadalcanal,1,KEEP,KEEP,ISIS,ISIS,2003,2003,2013 July,10,120,120,2300,2300,.,NUN,1,NUN,0,0,1,1,1,1,1,(Mays 2011: 225),after 1992,From 1992 onwards,1
199,MNF-Iraq,Iraq,MENA,MENA,ADHOCOA,0,"UNSC Res. 1511 (October 16, 2003), 1546",,KEEP,KEEP,UNIS,UNIS,2003,2003,2009 December,5.5,66,66,184051,184051,3906,UN-A-7,4,UN-A-7,1,1,1,1,1,1,1,,after 1992,From 1992 onwards,1
200,MIF-H,Haiti,LAC,LAC,ADHOCOA,0,"UNSC Res. 1529 (February 29, 2004)",1,KEEP,KEEP,UNIS,UNIS,2004,2004,2004 June,0.3,4,4,3340,3340,1,UN-A-7,4,UN-A-7,1,1,1,1,1,1,1,,after 1992,From 1992 onwards,1
201,ISF-East Timor (Operation Astute),East Timor,SEA,SEA,ADHOCOA,1,"UNSC Res. 1690 (June 20, 2006); UNSC Res. 1704",1,KEEP,KEEP,ISIS,ISIS,2006,2006,2012 November,6.5,78,78,950,950,1,UN-E,5,UN-E,0,0,1,1,1,1,1,,after 1992,From 1992 onwards,1
202,Operation Allied Force,Serbia Kosovo,EUR,EUR,NATO,0,,0,ENFO,ENFO,RORO,RORO,1999,1999,1999 June,0.3,4,4,38000,38000,0,NUN,1,NUN,0,0,0,0,0,0,0,,after 1992,From 1992 onwards,1
203,NATO-Kosovo Air Verfication Mission (Eagle Eye),Serbia Kosovo,EUR,EUR,NATO,0,"UNSC Res. 1203 (October 24, 1998), S/1998/991, annex",1,KEEP,KEEP,UNRO,UNRO,1998,1998,1999 March,0.5,6,6,1,1,1,UN-A-7,4,UN-A-7,1,1,0,0,1,1,0,,after 1992,From 1992 onwards,1
204,MISCA,Central African Republic,SSA,SSA,AU,1,"UNSC Res. 2127 (December 5, 2013)",1,KEEP,KEEP,UNRO,UNRO,2013,2013,ongoing,.,,,12500,12500,.,UN-A-7,4,UN-A-7,1,1,1,1,0,0,0,,after 1992,From 1992 onwards,1
205,OSCE Presence in Albania,Albania,EUR,EUR,OSCE,1,"OSCE PC.Dec/588 (December 18, 2003)",1,OTHER,OTHER,RORO,RORO,1997,1997,ongoing,.,.,,40,40,1,NUN,1,NUN,0,0,0,0,1,1,1,http://www.osce.org/pc/20402?download=true,after 1992,From 1992 onwards,1
206,CPMT SUDAN,Sudan,SSA,SSA,ADHOCIS,0,.,1,OTHER,OTHER,ISIS,ISIS,2002,2002,2005 June,2.8,33,33,50,50,1,NUN,1,NUN,0,0,0,0,1,1,0,,after 1992,From 1992 onwards,1
207,IPKF Sri Lanka,Sri Lanka,CSA,CSA,ADHOCOA,1,.,1,KEEP,KEEP,ISIS,ISIS,1987,1987,1990 March,2.7,32,32,53000,53000,1000,NUN,1,NUN,0,0,1,1,1,1,0,,before 1992,Up until 1991,0
208,IGASOM,Somalia,SSA,SSA,IGAD,1,"UNSC Res. 1725 (December 6, 2006)",,KEEP,KEEP,UNRO,UNRO,2006,2006,2007 January,0,0,0,0,0,0,UN-A-7,4,UN-A-7,1,1,0,0,0,0,0,,after 1992,From 1992 onwards,1
209,Nigerian PKM in Congo-Kinshasa,Congo-Kinshasa Zaire DRC,SSA,SSA,ADHOCIS,.,.,,KEEP,KEEP,ISIS,ISIS,1964,1964,1965 December 31,.,,,400,400,.,NUN,1,NUN,0,0,0,0,1,1,0,,before 1992,Up until 1991,0
210,Inter-African Force,Chad,SSA,SSA,OAU,1,OAU Decision of Assembly of States and Government (June 1981),1,KEEP,KEEP,RORO,RORO,1981,1981,1982 June,.,.,,4500,4500,.,NUN,1,NUN,0,0,0,0,1,1,0," (Mays 2011: Pos 494) Abdulqawi/Ouguergouz (2012) African Union: Legal and institutional framework, p.356",before 1992,Up until 1991,0
211,UNIFIL II,Lebanon,MENA,MENA,UN,.,"UNSC Res. 1701 (August 11, 2006)",1,KEEP,KEEP,UNUN,UNUN,2006,2006,ongoing,.,.,,13572,13572,278,UN-6,2,UN-6,0,0,0,0,0,0,1,Novosseloff 2015: 770,after 1992,From 1992 onwards,1
212,ONUCA,Central America,LAC,LAC,UN,.,"UNSC Res. 650 (March 27, 1990); Declaration of San Isidro de Coronado",1,KEEP,KEEP,UNUN,UNUN,1990,1990,1992 January,2.2,26,26,1098,1098,1,UN-6,2,UN-6,0,0,0,0,1,1,0,(Mays 2011: 92),before 1992,Up until 1991,0
213,Joint Task Force Liberia,Liberia,SSA,SSA,ADHOCIS,.,"Accra Ceasefire Agreement (June 17, 2003); UNSC Res. 1497 (August 1, 2003)",1,KEEP,KEEP,UNIS,UNIS,2003,2003,2003 Septmber,0,1,1,.,,.,UN-A-7,4,UN-A-7,1,1,0,0,1,1,0, (Mays 2011: 163),after 1992,From 1992 onwards,1
214,VMT-Sudan,Sudan,SSA,SSA,IGAD,1,Machakos Protocol (20 July 2002) ; The Cessation of Hostilities Agreement (15 October 2002),1,OBSR,OBSR,RORO,RORO,2003,2003,2005 August,2.6,31,31,.,,.,NUN,1,NUN,0,0,0,0,1,1,0,,after 1992,From 1992 onwards,1
215,IMU Sudan,Sudan,SSA,SSA,ADHOCOA,,.,1,OBSR,OBSR,ISIS,ISIS,2002,2002,2005 June,3.2,38,38,.,,.,NUN,1,NUN,0,0,0,0,1,1,0,(Mays 2011: 250),after 1992,From 1992 onwards,1
216,ECMM,Croatia,EUR,EUR,EU,0,,1,OBSR,OBSR,RORO,RORO,1991,1991,1995 March,3.7,42,42,200,200,0,NUN,1,NUN,0,0,0,0,1,1,0,(Ginsberg 2001: 76),before 1992,Up until 1991,0
217,ECMM,Slovenia,EUR,EUR,EU,0,"UNSC Res. 713 (September 25, 1991)",1,OBSR,OBSR,RORO,RORO,1991,1991,1991 October,0.3,3,3,327,327,0,NUN,1,NUN,0,0,0,0,1,1,0,,before 1992,Up until 1991,0
218,ECMM,Bosnia and Herzegovina,EUR,EUR,EU,0,,1,OTHER,OTHER,RORO,RORO,1992,1992,2007 December ,15.6,120,120,.,,.,NUN,1,NUN,0,0,0,0,1,1,0,,before 1992,From 1992 onwards,0
219,ECMM,Albania,EUR,EUR,EU,0,,1,OTHER,OTHER,RORO,RORO,1991,1991,2006 December,14,168,168,750,750,.,NUN,1,NUN,0,0,0,0,1,1,0,,before 1992,Up until 1991,0
220,OSCE BMM,Albania Kosovo,EUR,EUR,OSCE,1,"UNSC Res. 1160 (March 31, 1998); OSCE Permanent Council S/1998/246 March 11, 1998)",1,OBSR,OBSR,RORO,RORO,1998,1998,1999 March,1.7,21,21,30,30,.,UN-E,5,UN-E,1,1,0,0,1,1,0,,after 1992,From 1992 onwards,1
221,NATO AFOR (Allied Harbor),Serbia Kosovo,EUR,EUR,NATO,0,"North Atlantic Council decision (April 16, 1999)",1,OTHER,OTHER,RORO,RORO,1999,1999,1999 August,1.3,16,16,7500,7500,.,NUN,1,NUN,0,0,0,0,1,1,0,,after 1992,From 1992 onwards,1
222,Military Observation Mission,Moldova (Transdniestr),EURA,EURA,ADHOCOA,1,,1,OBSR,OBSR,ISIS,ISIS,1992,1992,1992 July,0.3,3,3,160,160,.,NUN,1,NUN,0,0,0,0,1,1,0,http://uca.edu/politicalscience/dadm-project/europerussiacentral-asia-region/moldovatrans-dniester-1990-present/,before 1992,From 1992 onwards,0
223,EUFOR Central African Republic I,Central African Republic,SSA,SSA,EU,0,"UNSC Res. 1778 (September 25, 2007)",1,KEEP,KEEP,UNRO,UNRO,2008,2008,2009 March,1.1,14,14,200,200,.,UN-A-7,4,UN-A-7,1,1,0,0,1,1,1,,after 1992,From 1992 onwards,1
224,AUSTF-Burundi,Burundi,SSA,SSA,AU,1,.,1,OTHER,OTHER,RORO,RORO,2007,2007,2009 December,2,24,24,750,750,.,NUN,1,NUN,0,0,0,0,1,1,0,,after 1992,From 1992 onwards,1
225,ECMM / EUMM,Georgia,EURA,EURA,EU,0,"EU Council Joint Action 2008/736/CFSP (September 15, 2008)",1,OBSR,OBSR,RORO,RORO,2008,2008,ongoing,.,.,,100,100,.,NUN,1,NUN,0,0,1,1,1,1,0,,after 1992,From 1992 onwards,1
226,OSCE Observer Mission at the Russian Checkpoints Gukovo and Donetsk,Russia Ukraine,EURA,EURA,OSCE,1,"OSCE Permanent Council Decision No. 1130 (July 24, 2014), OSCE Permanent Council Decision No. 1160 (March 12, 2015), OSCE Permanent Council Decision No. 1291 (May 3, 2018)",1,OBSR,OBSR,RORO,RORO,2014,2014,ongoing,.,.,,.,,.,NUN,1,NUN,0,0,0,0,0,0,0,,after 1992,From 1992 onwards,1
227,AMM,Indonesia (Aceh),SEA,SEA,NONSTA,.,.,1,OTHER,OTHER,.,,2002,2002,2003 May,0.2,5,5,52,52,.,NUN,1,NUN,0,0,0,0,1,1,1,,after 1992,From 1992 onwards,1
228,Inter-African Force Congo-Kinshasa,Congo-Kinshasa/Zaire/DRC,SSA,SSA,ADHOCOA,1,.,0,KEEP,KEEP,ISIS,ISIS,1978,1978,1979 August,1.1,14,14,2684,2684,.,NUN,1,NUN,0,0,0,0,1,1,0,,before 1992,Up until 1991,0
229,MNPF-Iraq,Iraq (Kurds),MENA,MENA,ADHOCOA,1,.,,OBSR,OBSR,ISIS,ISIS,1997,1997,2004 October,7,80,80,800,800,.,NUN,1,NUN,0,0,0,0,1,1,0,,after 1992,From 1992 onwards,1
230,IMT I,"Philippines/Sulu, Palawan, and Mindanao Islands",SEA,SEA,ADHOCOA,1,.,1,OBSR,OBSR,ISIS,ISIS,2004,2004,2008 November,.,50,50,59,59,4,NUN,1,NUN,0,0,0,0,1,1,1,,after 1992,From 1992 onwards,1
231,IMT II,"Philippines/Sulu, Palawan, and Mindanao Islands",SEA,SEA,ADHOCOA,0,Peace agreement,1,OBSR,OBSR,ISIS,ISIS,2004,2010,ongoing,.,.,,60,60,.,NUN,1,NUN,0,0,0,0,1,1,1,,after 1992,From 1992 onwards,1
232,OICMT,"Philippines/Sulu, Palawan, and Mindanao Islands",SEA,SEA,OIC,1,.,1,OBSR,OBSR,RORO,RORO,1996,1996,2002 December,8,67,67,67,67,.,NUN,1,NUN,0,0,0,0,1,1,0,"Lam Peng Er, 2009, Japan's Peace-Building Diplomacy in Asia, London: Routledge, p.80.",after 1992,From 1992 onwards,1
233,OMIC III,Comoros,SSA,SSA,OAU,1,,1,OTHER,OTHER,RORO,RORO,2002,2002,2002 May,0.1,2,2,34,34,.,NUN,1,NUN,0,0,0,0,1,1,1,,after 1992,From 1992 onwards,1
234,OSCE-Police Monitoring Group,Croatia Serbia,EUR,EUR,OSCE,1,"OSCE Permanent Council Decision No. 239 (June 25, 1998)",1,OBSR,OBSR,RORO,RORO,1998,1998,2000 October,2,24,24,120,120,.,NUN,1,NUN,0,0,0,0,1,1,1,,after 1992,From 1992 onwards,1
235,OSCE Monitoring Mission Georgia,Georgia (South Ossetia),EURA,EURA,OSCE,1,.,1,OBSR,OBSR,RORO,RORO,1994,1994,2009 June,15.3,183,183,28,28,.,NUN,1,NUN,0,0,0,0,1,1,1,,after 1992,From 1992 onwards,1
236,OSCE SMM Ukraine,Ukraine,EURA,EURA,OSCE,1,"OSCE Permanent Council Decision No. 1117 (March 21, 2014)",1,OTHER,OTHER,RORO,RORO,2014,2014,ongoing,.,.,,250,250,.,NUN,1,NUN,0,0,0,0,1,1,0,,after 1992,From 1992 onwards,1
237,Operation Provide Comfort,Iraq (Kurds),MENA,MENA,ADHOCOA,0,"UNSC Res. 688 (April 5, 1991)",0,KEEP,KEEP,ISIS,ISIS,1991,1991,1991,0.2,3,3,25000,25000,.,NUN,1,NUN,0,0,0,0,1,1,0,"no explicit authorization of no-fly-zone, Cockayne & Malone 2006, Melanczuk 1991 ""no legal basis""",before 1992,Up until 1991,0
238,MINUCI,Cote d'Ivoire,SSA,SSA,UN,.,"UNSC Res. 1479 (May 13, 2003); Linas-Marcoussis Peace Agreement",1,OTHER,OTHER,UNUN,UNUN,2003,2003,2004 April,.,11,11,142,142,.,UN-6,2,UN-6,1,1,0,0,1,1,1,,after 1992,From 1992 onwards,1
239,UNOMUR,Rwanda,SSA,SSA,UN,.,"UNSC Res. 846 (June 22, 1993)",1,OBSR,OBSR,UNUN,UNUN,1993,1993,1994 September,"1,2",15,15,81,81,.,UN-6,2,UN-6,0,0,1,1,1,1,0,,after 1992,From 1992 onwards,1
240,UNTAG,Namibia,SSA,SSA,UN,.,"UNSC Res. 385 (January 30, 1976); UNSC Res. 431 (July 27, 1978); UNSC Res. 435 (September 29, 1978) ;UNSC Res. 632 (February 16, 1989)",1,KEEP,KEEP,UNUN,UNUN,1989,1989,1990 March,"0,3",13,13,6000,6000,.,UN-6,2,UN-6,0,0,1,1,1,1,0,(Mays 2011: Pos. 494),before 1992,Up until 1991,0
241,French PKM in Central African Republic (Sangaris),Central African Republic,SSA,SSA,ADHOCIS,0,"UNSC Res. 2127 (December 5, 2013)",1,KEEP,KEEP,UNIS,UNIS,2013,2013,2016 October,1.2,15,15,2000,2000,.,UN-A-7,4,UN-A-7,1,1,0,0,1,1,0,,after 1992,From 1992 onwards,1
242,French PKM in Central African Republic (Boali),Central African Republic,SSA,SSA,ADHOCIS,0,"UNSC Res. 2127 (December 5, 2013)",1,KEEP,KEEP,UNIS,UNIS,2013,2013,2016 October,0.3,3,3,2000,2000,.,UN-A-7,4,UN-A-7,1,1,0,0,1,1,0,,after 1992,From 1992 onwards,1
243,Operation Pelican,Albania,EUR,EUR,ADHOCIS,0,.,1,OTHER,OTHER,ISIS,ISIS,1991,1991,1993 December,2.3,27,27,750,750,.,NUN,1,NUN,0,0,0,0,1,1,0,,before 1992,Up until 1991,0
244,MNPF Albania,Albania,EUR,EUR,ADHOCIS,0,"UNSC Res. 1101 (March 28, 1997)",1,KEEP,KEEP,UNIS,UNIS,1997,1997,1997 August,0.3,3,3,7000,7000,.,UN-A-7,4,UN-A-7,1,1,0,0,1,1,0,,after 1992,From 1992 onwards,1
245,WEU-Multinational Advisory Police Element (MAPE),Albania,EUR,EUR,WEU,0,"WEU Council (May 2, 1997)",1,OTHER,OTHER,RORO,RORO,1997,1997,2001 May,4,48,48,150,150,.,NUN,1,NUN,0,0,0,0,1,1,1,,after 1992,From 1992 onwards,1
246,AFISM-CAR,Central African Republic,SSA,SSA,AU,1,"UNSC Res. 2127 (December 5, 2013)",1,KEEP,KEEP,UNRO,UNRO,2013,2013,2014 September,0.7,9,9,5600,5600,.,UN-A-7,4,UN-A-7,1,1,0,0,1,1,0,,after 1992,From 1992 onwards,1
247,UNPROFOR Croatia,Croatia,EUR,EUR,UN,.,"UNSC Res. 743 (February 21, 1992)",1,KEEP,KEEP,UNUN,UNUN,1992,1992,1995 March,3.1,37,37,15812,15812,.,UN-7,3,UN-7,1,1,0,0,1,1,0,,before 1992,From 1992 onwards,0
248,Caribbean Peacekeeping Force in Grenada,Grenada,LAC,LAC,OECS,1,OECS mandate,1,KEEP,KEEP,RORO,RORO,1983,1983,1985 September,1.9,23,23,800,800,.,NUN,1,NUN,0,0,0,0,1,1,0,https://www.globalsecurity.org/military/ops/urgent_fury.htm,before 1992,Up until 1991,0
249,UNSMIH,Haiti,LAC,LAC,UN,.,"UNSC Res. 1063 (June 28, 1996)",1,KEEP,KEEP,UNUN,UNUN,1996,1996,1997 July,1.1,13,13,1588,1588,.,UN-6,2,UN-6,0,0,1,1,1,1,0,,after 1992,From 1992 onwards,1
250,JVM-Mozambique,Mozambique,SSA,SSA,ADHOCOA,1,General Peace Agreement for Mozambique (1992),1,OBSR,OBSR,ISIS,ISIS,1990,1990,1992 December,2,24,24,38,38,.,NUN,1,NUN,0,0,0,0,1,1,0,https://peaceaccords.nd.edu/provision/verificationmonitoring-mechanism-general-peace-agreement-mozambique,before 1992,Up until 1991,0
251,Operation Support Hope,Rwanda,SSA,SSA,ADHOCIS,0,,,KEEP,KEEP,ISIS,ISIS,1994,1994,1994 September,0.1,2,2,3050,3050,.,NUN,1,NUN,0,0,0,0,1,1,0,,after 1992,From 1992 onwards,1
252,UNPROFOR Macedonia,Macedonia,EUR,EUR,UN,.,"UNSC Res. 743 (February 21, 1992)",1,KEEP,KEEP,UNUN,UNUN,1992,1992,1995 March,3.8,28,28,1150,1150,.,UN-6,2,UN-6,0,0,0,0,1,1,0,,before 1992,From 1992 onwards,1
253,"French PKM-Mali (Serval, Barkhane)",Mali,SSA,SSA,ADHOCIS,0,"UNSC Res. 2085 (December 20, 2012), official request by government of Mali",1,KEEP,KEEP,ISIS,ISIS,2013,2013,2014 July,1.5,18,18,4000,4000,.,NUN,1,NUN,1,1,0,0,1,1,0,https://en.wikipedia.org/wiki/Operation_Serval,after 1992,From 1992 onwards,1
254,APAM,Papua New Guinea,PAC,PAC,ADHOCIS,.,.,1,OTHER,OTHER,ISIS,ISIS,2004,2004,2005 May,0.5,6,6,210,210,.,NUN,1,NUN,0,0,0,0,1,1,0,,after 1992,From 1992 onwards,1
255,Nigerian PKM Tanzania,Tanzania,SSA,SSA,ADHOCIS,1,.,1,KEEP,KEEP,ISIS,ISIS,1964,1964,1964 September,0.5,6,6,500,500,.,NUN,1,NUN,0,0,0,0,1,1,0,,before 1992,Up until 1991,0
256,EU Support to AMIS,Sudan (Darfur),SSA,SSA,EU,0,"EU Council Joint Action 2005/557/CFSP (July 18, 2005)",1,OTHER,OTHER,RORO,RORO,2005,2005,2007,2.4,29,29,150,150,.,NUN,1,NUN,0,0,0,0,1,1,0,,after 1992,From 1992 onwards,1
257,Symbolic Arab Security Force,Lebanon,MENA,MENA,LAS,1,"League of Arab States Decision (October 15, 1976)",1,KEEP,KEEP,RORO,RORO,1976,1976,1976 October,0.5,5,5,2500,2500,.,NUN,1,NUN,.,,0,0,1,1,0,"Mays, Terry M. 2004. Historical Dictionary of Mulitnational Peacekeeping, Lanham: Scarecrow Press, p. xxvi",before 1992,Up until 1991,0
258,EUMM Macedonia,Macedonia,EUR,EUR,EU,0,.,1,OTHER,OTHER,RORO,RORO,1998,1998,2007 Dec,9.8,117,117,.,,2,NUN,1,NUN,0,0,0,0,1,1,1,,after 1992,From 1992 onwards,1
259,UNCIAV,Nicaragua,LAC,LAC,UN,.,"UNSC Res. 653 (April 20, 1990)",1,OBSR,OBSR,UNUN,UNUN,1989,1989,1990 June,1.3,15,15,10,10,.,UN-6,2,UN-6,0,0,0,0,1,1,0,,before 1992,Up until 1991,0
260,OASCIAV,Nicaragua,LAC,LAC,OAS,1,.,1,OBSR,OBSR,UNRO,UNRO,1989,1989,1990 June,1.2,14,14,.,,.,NUN,1,NUN,0,0,0,0,1,1,0,,before 1992,Up until 1991,0
261,Commonwealth Monitoring Force-Zimbabwe,Rhodesia/Zimbabwe,SSA,SSA,COMWN,1,"Annex E, Lancaster House Ceasefire Agreement (December 21, 1979)",1,OBSR,OBSR,RORO,RORO,1979,1979,1980 March,0.3,3,3,1548,1548,0,NUN,1,NUN,0,0,1,1,1,1,0,Mays 2001,before 1992,Up until 1991,0
262,OMS-Syria,Syria,MENA,MENA,LAS,1,"LAS Council Res. 7436 (November 2, 2011)",1,OBSR,OBSR,RORO,RORO,2011,2011,2012 January,0.1,1,1,165,165,.,NUN,1,NUN,0,0,0,0,1,1,0,http://uca.edu/politicalscience/dadm-project/middle-eastnorth-africapersian-gulf-region/syria-1946-present/,after 1992,From 1992 onwards,1
263,CJTF-Tonga,Tonga,SSA,SSA,ADHOCOA,1,.,1,OTHER,OTHER,ISIS,ISIS,2006,2006,2006,0.1,1,1,228,228,.,NUN,1,NUN,0,0,0,0,1,1,0,,after 1992,From 1992 onwards,1
264,OSCE Spillover Monitor Mission Skopje,Macedonia,EUR,EUR,OSCE,1,"CSO (September 18, 1992)",1,OTHER,OTHER,RORO,RORO,1992,1992,ongoing,.,.,,210,210,.,NUN,1,NUN,0,0,1,1,1,1,1,,before 1992,From 1992 onwards,0
265,EU IMP-Aceh,Indonesia (Aceh),SEA,SEA,EU,0,.,1,OTHER,OTHER,RORO,RORO,2005,2005,2005 September,0.1,1,1,80,80,.,NUN,1,NUN,0,0,0,0,1,1,0,,after 1992,From 1992 onwards,1
266,ECMM / EUMM Macedonia,Macedonia,EUR,EUR,EU,0,EU Joint Action 2000/811/CFSP; current: EU Joint Action 2006/867/CFSP,1,OTHER,OTHER,RORO,RORO,1998,1998,2007 December,9.8,117,117,2,2,.,NUN,1,NUN,0,0,0,0,1,1,1,,after 1992,From 1992 onwards,1
267,EUFOR Central African Republic II,Central African Republic,SSA,SSA,EU,0,"UNSC Res. 2134 (January 28, 2014)",1,KEEP,KEEP,UNRO,UNRO,2014,2015,2015 March,0.8,9,9,700,700,.,UN-A-7,4,UN-A-7,1,1,0,0,1,1,1,,after 1992,From 1992 onwards,1
268,UN Good Offices Commission,Netherlands/Dutch East Indies,SEA,SEA,UN,.,"UNSC Res. 31 (August 25, 1947)",1,OBSR,OBSR,UNUN,UNUN,1947,1947,1949 January,1.4,17,17,55,55,.,UN-6,2,UN-6,0,0,0,0,1,1,0,http://uca.edu/politicalscience/dadm-project/asiapacific-region/netherlandsdutch-east-indies-1927-1949/,before 1992,Up until 1991,0
269,UNCI,Netherlands/Dutch East Indies,SEA,SEA,UN,.,"UNSC Res. 67 (January 28, 1949)",1,OBSR,OBSR,UNUN,UNUN,1949,1949,1951 April,2.2,26,26,63,63,.,UN-6,2,UN-6,0,0,0,0,1,1,0,,before 1992,Up until 1991,0
270,MNF-Haiti (Operation Uphold Democracy),Haiti,LAC,LAC,ADHOCOA,.,"UNSC Res. 940 (July 31, 1994)",1,KEEP,KEEP,UNIS,UNIS,1994,1994,1995 March,0.5,6,6,22000,22000,.,UN-A-7,4,UN-A-7,1,1,0,0,0,0,0,https://www.polity.co.uk/up2/casestudy/Haiti_case_study.pdf; Malone und von Einsiedel 2007,after 1992,From 1992 onwards,1
271,ESMT,Togo,SSA,SSA,ECOWAS,1,,,OTHER,OTHER,RORO,RORO,2010,2010,2010 March,0.1,1,1,155,155,.,NUN,1,NUN,0,0,0,0,1,1,0,,after 1992,From 1992 onwards,1
272,MINUSCA,Central African Republic,SSA,SSA,UN,.,"UNSC Res. 2149 (April 10, 2014)",1,KEEP,KEEP,UNUN,UNUN,2014,2014,ongoing,.,.,,8685,8685,.,UN-7,3,UN-7,1,1,0,0,1,1,0,,after 1992,From 1992 onwards,1
273,UNMLT,Cambodia,SEA,SEA,UN,.,"UNSC Res. 880 (November 4, 1993)",1,OTHER,OTHER,UNUN,UNUN,1993,1993,1994 May,0.5,6,6,20,20,.,UN-6,2,UN-6,0,0,0,0,1,1,0,,after 1992,From 1992 onwards,1
274,French PKM in Djibouti,Djibouti,SSA,SSA,ADHOCIS,,,1,KEEP,KEEP,ISIS,ISIS,1992,1992,1992 Nov,.,9,9,250,250,.,NUN,1,NUN,0,0,0,0,1,1,0,,before 1992,From 1992 onwards,0
275,CEN-SAD PKM,Central African Republic,SSA,SSA,CEN-SAD,1,"CEN-SAD Decision (March 2, 2002)",1,KEEP,KEEP,RORO,RORO,2001,2001,2002 December,1.1,13,13,200,200,.,NUN,1,NUN,0,0,0,0,1,1,0, (Mays 2011: 84),after 1992,From 1992 onwards,1
276,Australia-New Zealand Police Assistance Mission,Papua New Guinea,PAC,PAC,ADHOCOA,1,.,1,OBSR,OBSR,ISIS,ISIS,2004,2004,2005 May,1.5,18,18,2,2,.,NUN,1,NUN,0,0,0,0,1,1,0,,after 1992,From 1992 onwards,1
277,SPRPF (Operation Lagoon),Papua New Guinea,PAC,PAC,ADHOCOA,1,.,1,KEEP,KEEP,ISIS,ISIS,1994,1994,1994 October,0.1,1,1,370,370,.,NUN,1,NUN,0,0,0,0,1,1,0,,after 1992,From 1992 onwards,1
278,Kosovo Verification Mission,Serbia Kosovo,EUR,EUR,OSCE,1,"UNSC Res. 1203 (October 24, 1998), S/1998/978",1,OBSR,OBSR,RORO,RORO,1998,1998,1999,0.3,4,4,1350,1350,.,UN-E,5,UN-E,1,1,1,1,1,1,1,,after 1992,From 1992 onwards,1
279,French PKM in Chad (Operation Epervier),Chad,SSA,SSA,ADHOCIS,0,,1,KEEP,KEEP,ISIS,ISIS,1986,1986,2014 July,8.5,101,101,220,220,.,NUN,1,NUN,0,0,0,0,1,1,0,http://uca.edu/politicalscience/dadm-project/sub-saharan-africa-region/72-chad-1960-present/,before 1992,Up until 1991,0
280,WEU-PF,Bosnia and Herzegovina,EUR,EUR,WEU,0,,1,OTHER,OTHER,RORO,RORO,1994,1994,1996 October,3.7,31,31,182,182,.,NUN,1,NUN,0,0,0,0,1,1,0,,after 1992,From 1992 onwards,1
281,. ,Burundi,SSA,SSA,UN,.,"UNSC Res. 2303 (July 30,2016)",0,OTHER,OTHER,UNUN,UNUN,2016,2016,2016 August,0.7,8,8,228,228,.,UN-6,2,UN-6,0,0,0,0,0,0,0,http://www.un.org/press/en/2016/sc12469.doc.htm; no government consent: http://www.bbc.com/news/world-africa-36963519,after 1992,From 1992 onwards,1
282,Syrian intervention in Lebanon,Lebanon,MENA,MENA,ADHOCIS,1,,0,KEEP,KEEP,ISIS,ISIS,1976,1976,1976 June,0.6,7,7,,,,NUN,1,NUN,0,0,0,0,0,0,0,"Mays 2003, p. xxvi; Lawson. 1984. Syria's intervention in the Lebanese Civil War, 1976, IO 38(3), 451-480",before 1992,Up until 1991,0
283,Long Term Mission to Georgia,Georgia,EUR,EUR,OSCE,1,"17th CSO meeting (November 6,  1992) Journal No. 2, Annex 2",1,OTHER,OTHER,RORO,RORO,1992,1992,1999 December,2,24,24,,,,NUN,1,NUN,0,0,1,1,1,1,1,https://reliefweb.int/report/georgia/osce-mission-georgia,before 1992,From 1992 onwards,1
284,OMiK,Kosovo,EUR,EUR,OSCE,1,"UNSC Res. 1244 (June 10,1999)",1,OTHER,OTHER,UNRO,UNRO,1999,1999,ongoing,,,,2290,2290,0,NUN,1,NUN,0,0,1,1,0,0,1,https://reliefweb.int/report/serbia/review-osce-mission-kosovos-activities-1999-2001,after 1992,From 1992 onwards,1
285,EUPOL-COPPS,Israel / Palestine,MENA,MENA,EU,0,"Council Joint Action 2005/797/CFSP (November 14, 2005)",1,OTHER,OTHER,RORO,RORO,2006,2006,ongoing,,,,,,,NUN,1,NUN,0,0,1,1,0,0,1,http://eupolcopps.eu/en/node/5166,after 1992,From 1992 onwards,1
286,Long Term Mission to Estonia,Estonia,EUR,EUR,OSCE,1,,1,OTHER,OTHER,RORO,RORO,1993,2001,2001 December,8.8,105,105,,,,NUN,1,NUN,0,0,1,1,0,0,1,http://uca.edu/politicalscience/dadm-project/europerussiacentral-asia-region/estonia-1991-present/,after 1992,From 1992 onwards,1
287,Long Term Mission to Ukraine,Ukraine,EUR,EUR,OSCE,1,,1,OTHER,OTHER,RORO,RORO,1995,1995,1999 April,"3,4",41,41,6,6,0,NUN,1,NUN,0,0,1,1,0,0,0,,after 1992,From 1992 onwards,1
288,Long Term Mission to Montenegro,Montenegro,EUR,EUR,OSCE,1,,1,OTHER,OTHER,RORO,RORO,2006,2006,ongoing,.,.,,15,15,0,NUN,1,NUN,0,0,1,1,0,0,0,,after 1992,From 1992 onwards,1
289,CSCE Spillover Monitoring Mission to Skopje,Kosovo Macedonia,EUR,EUR,OSCE,1,"17th meeting of the Committee of Senior Officials (CSO) (November 6, 1992) 17-CSO/Journal No. 2, Annex 3",1,OBSR,OBSR,RORO,RORO,1992,1992,2001 July,9.8,118,118,,,0,NUN,1,NUN,0,0,1,1,1,1,1,https://reliefweb.int/report/serbia/osce-spillover-monitor-mission-skopje,before 1992,From 1992 onwards,1
290,Long Term Mission to Bosnia Herzegovina,Bosnia and Herzegovina,EUR,EUR,OSCE,1,"OSCE MC Resolution, MC(MC(5).DEC/1 (December 8, 1995)",1,OTHER,OTHER,RORO,RORO,1995,1995,ongoing,12.8,153,,180,180,0,NUN,1,NUN,0,0,1,1,0,0,1,https://reliefweb.int/report/bosnia-and-herzegovina/osce-mission-bosnia-and-herzegovina,after 1992,From 1992 onwards,1
291,EUJUST Themis,Georgia,EURA,EURA,EU,0,"EU Council Joint Action 2004/532/CFSP (June 28, 2004), EU Council Joint Action 2003/872/CFSP (December 8, 2003)",1,OTHER,OTHER,RORO,RORO,2004,2004,2005 July,1,13,13,12,12,0,NUN,1,NUN,0,0,1,1,0,0,1,,after 1992,From 1992 onwards,1
292,Long Term Mission to Croatia,Croatia,EUR,EUR,OSCE,1,,1,OTHER,OTHER,RORO,RORO,1996,1996,1999 June,"2,9",35,35,280,280,0,NUN,1,NUN,0,0,1,1,0,0,1,,after 1992,From 1992 onwards,1
293,Long Term Mission to Latvia,Latvia,EUR,EUR,OSCE,1,,1,OTHER,OTHER,RORO,RORO,1993,1993,2001 December,"8,1",97,97,7,7,0,NUN,1,NUN,0,0,1,1,0,0,1,,after 1992,From 1992 onwards,1
294,Long Term Mission to Moldova,Moldova,EURA,EURA,OSCE,1,,1,OTHER,OTHER,RORO,RORO,1993,1993,ongoing,.,.,,,,,NUN,1,NUN,0,0,1,1,0,0,1,,after 1992,From 1992 onwards,1
